date,trend-index,sales
2015-01-01,25.72,15
2015-01-02,24.56,22.5
2015-01-03,25.16,29.25
2015-01-04,23.44,30.75
2015-01-05,29.16,32.75
2015-01-06,29.16,31.25
2015-01-07,21.72,31.75
2015-01-08,24.56,29.5
2015-01-09,24,27.75
2015-01-10,28,26.5
2015-01-11,25.72,27.75
2015-01-12,24.56,31
2015-01-13,25.16,29.25
2015-01-14,23.44,30
2015-01-15,29.16,27.5
2015-01-16,29.16,25
2015-01-17,21.72,26
2015-01-18,24.56,27
2015-01-19,24,30
2015-01-20,25.16,29
2015-01-21,18.84,28.25
2015-01-22,27.44,27.75
2015-01-23,31.44,26
2015-01-24,21.16,24.5
2015-01-25,20.56,28.5
2015-01-26,21.72,32
2015-01-27,25.72,29.5
2015-01-28,23.44,31.5
2015-01-29,22.84,27.25
2015-01-30,28.56,23.75
2015-01-31,23.44,26.75
2015-02-01,21.72,28.75
2015-02-02,21.72,33.5
2015-02-03,24.56,33
2015-02-04,20,31.75
2015-02-05,30.84,30
2015-02-06,29.72,27.5
2015-02-07,18.84,30
2015-02-08,24.56,31.25
2015-02-09,21.16,32.75
2015-02-10,21.72,30.25
2015-02-11,25.72,27.75
2015-02-12,29.16,25.75
2015-02-13,32,25
2015-02-14,20.56,26.25
2015-02-15,22.84,27
2015-02-16,25.16,31
2015-02-17,26.28,29.5
2015-02-18,26.28,32.25
2015-02-19,25.72,31.5
2015-02-20,28.56,29.75
2015-02-21,20.56,29.25
2015-02-22,20.56,29
2015-02-23,21.16,34
2015-02-24,26.84,33.75
2015-02-25,23.44,34.75
2015-02-26,22.28,31.5
2015-02-27,30.28,27.75
2015-02-28,23.44,31.75
2015-03-01,29.72,33.5
2015-03-02,20.56,37
2015-03-03,26.28,39
2015-03-04,22.28,38.5
2015-03-05,29.16,36
2015-03-06,32,35.25
2015-03-07,25.72,39
2015-03-08,24.56,36.25
2015-03-09,21.72,42
2015-03-10,23.44,39
2015-03-11,34.84,33.75
2015-03-12,28.56,34.75
2015-03-13,29.72,33.25
2015-03-14,28,40
2015-03-15,33.72,41.5
2015-03-16,22.84,41.25
2015-03-17,28,37.5
2015-03-18,36.56,33.5
2015-03-19,27.44,32.75
2015-03-20,36,32.75
2015-03-21,21.16,35.25
2015-03-22,24.56,35
2015-03-23,29.72,37.25
2015-03-24,32.56,35.25
2015-03-25,36.56,34
2015-03-26,28,32.75
2015-03-27,29.16,31.5
2015-03-28,24,33
2015-03-29,27.44,34.5
2015-03-30,26.28,37.5
2015-03-31,29.16,35.5
2015-04-01,29.72,37.75
2015-04-02,26.84,36.25
2015-04-03,31.44,34.25
2015-04-04,24.56,39
2015-04-05,26.84,40.25
2015-04-06,24,48.25
2015-04-07,28.56,49.25
2015-04-08,28,46.75
2015-04-09,30.28,46.75
2015-04-10,30.84,40.25
2015-04-11,24,43.5
2015-04-12,33.16,47
2015-04-13,26.84,48.25
2015-04-14,26.28,44.75
2015-04-15,34.84,43.25
2015-04-16,36,40.75
2015-04-17,45.16,37.75
2015-04-18,28.56,42
2015-04-19,29.16,42.75
2015-04-20,36,44.5
2015-04-21,30.28,44.25
2015-04-22,36,44
2015-04-23,37.16,43.75
2015-04-24,38.84,45.25
2015-04-25,22.28,47.25
2015-04-26,32.56,47.75
2015-04-27,31.44,48.25
2015-04-28,32,42.75
2015-04-29,32,39.5
2015-04-30,34.28,39.75
2015-05-01,35.44,39
2015-05-02,31.44,43
2015-05-03,31.44,50.5
2015-05-04,33.72,52.25
2015-05-05,38.84,50.5
2015-05-06,36,51.75
2015-05-07,32.56,45.5
2015-05-08,34.84,45.25
2015-05-09,26.28,48.5
2015-05-10,28.56,50.75
2015-05-11,33.16,52
2015-05-12,33.16,44.75
2015-05-13,35.44,40.25
2015-05-14,45.72,35.5
2015-05-15,37.16,32.75
2015-05-16,29.16,40
2015-05-17,38.28,46.5
2015-05-18,31.44,49
2015-05-19,36.56,48.25
2015-05-20,36.56,45.5
2015-05-21,43.44,40.25
2015-05-22,34.28,39
2015-05-23,20,44.5
2015-05-24,26.28,49
2015-05-25,32.56,55.25
2015-05-26,28,53.5
2015-05-27,36.56,53
2015-05-28,41.16,48.25
2015-05-29,38.28,46.5
2015-05-30,26.28,51.5
2015-05-31,30.28,51.75
2015-06-01,29.16,60
2015-06-02,35.44,55.75
2015-06-03,38.84,52.25
2015-06-04,40.56,50.5
2015-06-05,43.44,47.75
2015-06-06,31.44,52.5
2015-06-07,37.72,56.25
2015-06-08,29.72,61.5
2015-06-09,39.44,53.5
2015-06-10,42.84,52
2015-06-11,38.28,47
2015-06-12,48.56,46.75
2015-06-13,29.72,52
2015-06-14,34.84,55.5
2015-06-15,34.28,60.75
2015-06-16,42.28,54.25
2015-06-17,40.56,53.5
2015-06-18,43.44,48.75
2015-06-19,46.28,43.5
2015-06-20,24,48.75
2015-06-21,37.16,55.75
2015-06-22,32,63
2015-06-23,45.72,65
2015-06-24,36,63
2015-06-25,45.16,59.5
2015-06-26,44,53.25
2015-06-27,30.84,53.25
2015-06-28,34.28,53.75
2015-06-29,34.28,55
2015-06-30,32,55.75
2015-07-01,42.84,57.25
2015-07-02,50.28,54
2015-07-03,50.84,49.25
2015-07-04,36.56,52.5
2015-07-05,38.28,51.75
2015-07-06,42.28,55.75
2015-07-07,36.56,51.5
2015-07-08,36.56,48
2015-07-09,39.44,45.75
2015-07-10,45.16,45.5
2015-07-11,38.28,52.25
2015-07-12,40,52.75
2015-07-13,32,53.25
2015-07-14,34.28,50.25
2015-07-15,45.72,48
2015-07-16,38.28,45
2015-07-17,41.16,45.75
2015-07-18,24.56,48.5
2015-07-19,37.72,49.75
2015-07-20,33.16,56.25
2015-07-21,40.56,56
2015-07-22,40,52.25
2015-07-23,38.84,49.75
2015-07-24,34.28,45.5
2015-07-25,33.72,48.25
2015-07-26,34.84,55.5
2015-07-27,32,58.25
2015-07-28,36,56
2015-07-29,40,54
2015-07-30,37.72,48.25
2015-07-31,46.84,45.5
2015-08-01,35.44,49
2015-08-02,31.44,49.5
2015-08-03,32,49
2015-08-04,37.16,46.5
2015-08-05,41.72,42.5
2015-08-06,48,40.75
2015-08-07,38.28,39
2015-08-08,32,42.5
2015-08-09,37.16,47
2015-08-10,34.84,47.5
2015-08-11,32,48
2015-08-12,40,49.25
2015-08-13,38.28,46.5
2015-08-14,33.72,49
2015-08-15,26.28,50
2015-08-16,30.84,49.75
2015-08-17,34.28,49.75
2015-08-18,29.72,43.75
2015-08-19,34.28,44.5
2015-08-20,41.16,43.25
2015-08-21,35.44,43.5
2015-08-22,30.84,46.75
2015-08-23,37.16,47
2015-08-24,34.84,47.25
2015-08-25,41.16,44.5
2015-08-26,33.16,42.75
2015-08-27,36.56,40.5
2015-08-28,34.84,41
2015-08-29,27.44,47.25
2015-08-30,34.84,50
2015-08-31,33.72,53.75
2015-09-01,35.44,51
2015-09-02,34.84,46.5
2015-09-03,35.44,44.75
2015-09-04,34.28,43.5
2015-09-05,29.16,49.25
2015-09-06,30.84,49.5
2015-09-07,30.28,54
2015-09-08,35.44,50.5
2015-09-09,43.44,45.25
2015-09-10,37.16,46.75
2015-09-11,38.84,40.25
2015-09-12,29.16,41.75
2015-09-13,33.16,47
2015-09-14,33.16,49.25
2015-09-15,36,48.5
2015-09-16,42.28,46.5
2015-09-17,33.72,41.75
2015-09-18,43.44,35.5
2015-09-19,28,39
2015-09-20,30.28,47
2015-09-21,37.16,52.75
2015-09-22,28.56,53.25
2015-09-23,31.44,56.5
2015-09-24,42.28,48.25
2015-09-25,42.28,42.25
2015-09-26,26.84,43.25
2015-09-27,26.84,40.25
2015-09-28,31.44,44.75
2015-09-29,28,45.25
2015-09-30,34.84,45.75
2015-10-01,45.16,42.5
2015-10-02,44.56,40.25
2015-10-03,29.16,39.75
2015-10-04,42.28,39.75
2015-10-05,26.28,43.5
2015-10-06,30.84,41.75
2015-10-07,31.44,44.25
2015-10-08,35.44,44.5
2015-10-09,36.56,44.25
2015-10-10,32,50.25
2015-10-11,32.56,51.5
2015-10-12,28,49.5
2015-10-13,31.44,44.5
2015-10-14,30.84,41.25
2015-10-15,32.56,39
2015-10-16,36.56,42
2015-10-17,27.44,43.25
2015-10-18,36.56,48
2015-10-19,33.16,49.5
2015-10-20,36,43
2015-10-21,41.16,42.75
2015-10-22,39.44,33.5
2015-10-23,28.56,29
2015-10-24,24.56,32.5
2015-10-25,33.72,37.25
2015-10-26,34.28,45
2015-10-27,35.44,45.25
2015-10-28,27.44,45.5
2015-10-29,44.56,42.5
2015-10-30,37.72,36.25
2015-10-31,20.56,40.5
2015-11-01,26.84,42.5
2015-11-02,23.44,47.75
2015-11-03,27.44,48.25
2015-11-04,28.56,45.5
2015-11-05,37.72,41.75
2015-11-06,41.16,38.75
2015-11-07,28,40
2015-11-08,29.16,45
2015-11-09,30.84,51.25
2015-11-10,26.84,49.25
2015-11-11,37.72,47
2015-11-12,33.72,42.75
2015-11-13,42.84,39.25
2015-11-14,28,42.5
2015-11-15,31.44,47.75
2015-11-16,25.16,49.5
2015-11-17,36,48.25
2015-11-18,30.84,46.5
2015-11-19,42.84,44
2015-11-20,39.44,42.25
2015-11-21,31.44,46.75
2015-11-22,25.72,46
2015-11-23,33.16,46.25
2015-11-24,31.44,44.25
2015-11-25,38.84,41.75
2015-11-26,37.72,40
2015-11-27,37.16,41.25
2015-11-28,28.56,43
2015-11-29,34.84,43
2015-11-30,32,43
2015-12-01,33.16,35.75
2015-12-02,38.84,30.75
2015-12-03,33.16,27
2015-12-04,32.56,25.5
2015-12-05,28.56,27.25
2015-12-06,33.16,30.25
2015-12-07,29.16,30.25
2015-12-08,35.44,28.25
2015-12-09,32.56,27.5
2015-12-10,33.16,26.25
2015-12-11,29.16,27.5
2015-12-12,18.84,31
2015-12-13,21.16,36
2015-12-14,24.56,36.5
2015-12-15,25.72,34.25
2015-12-16,22.84,30
2015-12-17,28,26.25
2015-12-18,24.56,26.75
2015-12-19,21.16,27
2015-12-20,21.16,31.5
2015-12-21,25.16,33.5
2015-12-22,27.44,30.75
2015-12-23,29.16,30.75
2015-12-24,32.56,27.75
2015-12-25,26.28,27.5
2015-12-26,22.28,29.5
2015-12-27,19.44,33
2015-12-28,24,34.75
2015-12-29,27.44,32.5
2015-12-30,22.84,30.25
2015-12-31,29.72,26.75
2016-01-01,28.56,26.25
2016-01-02,21.16,28
2016-01-03,22.84,35.75
2016-01-04,22.84,36.75
2016-01-05,28,36.5
2016-01-06,25.72,35
2016-01-07,30.84,27.75
2016-01-08,26.84,27.75
2016-01-09,22.84,29.25
2016-01-10,20.56,32.75
2016-01-11,22.84,36
2016-01-12,25.72,33.75
2016-01-13,26.84,32.75
2016-01-14,38.28,32.25
2016-01-15,25.16,29.75
2016-01-16,25.16,35.5
2016-01-17,23.44,36.5
2016-01-18,21.72,37.25
2016-01-19,25.16,37.25
2016-01-20,28.56,32
2016-01-21,31.44,31.5
2016-01-22,29.16,30.75
2016-01-23,20,32.75
2016-01-24,26.28,35
2016-01-25,30.28,38
2016-01-26,23.44,33
2016-01-27,33.16,34
2016-01-28,28.56,35.5
2016-01-29,32,32.5
2016-01-30,23.44,36
2016-01-31,21.16,37.5
2016-02-01,27.44,39.25
2016-02-02,30.28,38.75
2016-02-03,28,39.75
2016-02-04,26.28,39.5
2016-02-05,34.28,36.5
2016-02-06,18.84,36.75
2016-02-07,30.28,36.5
2016-02-08,29.72,35
2016-02-09,27.44,34.5
2016-02-10,26.84,34.5
2016-02-11,33.72,31.5
2016-02-12,33.72,29.25
2016-02-13,26.28,32.25
2016-02-14,29.16,33
2016-02-15,33.16,34.5
2016-02-16,26.84,32.75
2016-02-17,26.84,30.75
2016-02-18,28.56,31.5
2016-02-19,29.72,35.5
2016-02-20,25.72,41.5
2016-02-21,26.84,40.75
2016-02-22,21.72,42.5
2016-02-23,24.56,37
2016-02-24,32.56,32.5
2016-02-25,28.56,34.5
2016-02-26,25.16,33
2016-02-27,20.56,34.25
2016-02-28,28,39.25
2016-02-29,30.28,42
2016-03-01,34.28,41.5
2016-03-02,34.28,44.25
2016-03-03,26.28,45
2016-03-04,34.28,45.5
2016-03-05,21.72,47.25
2016-03-06,24,48.5
2016-03-07,30.84,46.5
2016-03-08,30.84,41.5
2016-03-09,24.56,40.75
2016-03-10,35.44,40.25
2016-03-11,37.16,42
2016-03-12,29.72,46
2016-03-13,30.84,47.5
2016-03-14,37.16,49.5
2016-03-15,38.28,45.75
2016-03-16,33.72,42.25
2016-03-17,33.72,39.75
2016-03-18,32.56,37
2016-03-19,26.84,37.25
2016-03-20,32,41.25
2016-03-21,32.56,44.25
2016-03-22,36.56,41.75
2016-03-23,36,42.25
2016-03-24,35.44,42
2016-03-25,37.16,38.75
2016-03-26,28,43.75
2016-03-27,28,48
2016-03-28,29.72,44.75
2016-03-29,30.84,43
2016-03-30,28.56,40.25
2016-03-31,37.16,40
2016-04-01,36.56,42.25
2016-04-02,25.16,47.75
2016-04-03,29.72,49.5
2016-04-04,36.56,53.75
2016-04-05,29.16,52
2016-04-06,36.56,50
2016-04-07,39.44,50.75
2016-04-08,29.16,42.75
2016-04-09,25.16,41.75
2016-04-10,30.28,43.25
2016-04-11,38.84,46.75
2016-04-12,34.28,47
2016-04-13,37.72,49.25
2016-04-14,34.28,48.5
2016-04-15,48.56,46.5
2016-04-16,30.28,53.5
2016-04-17,33.16,56.25
2016-04-18,36,58.25
2016-04-19,30.28,55
2016-04-20,28,48
2016-04-21,36.56,46.5
2016-04-22,44,44.25
2016-04-23,30.84,47.5
2016-04-24,33.16,50.75
2016-04-25,34.84,55.75
2016-04-26,39.44,55.75
2016-04-27,46.84,53.75
2016-04-28,39.44,55
2016-04-29,39.44,50.5
2016-04-30,32,55
2016-05-01,30.84,60.25
2016-05-02,36,64.5
2016-05-03,34.28,62
2016-05-04,39.44,59.25
2016-05-05,38.28,56.5
2016-05-06,47.44,50.75
2016-05-07,34.28,56
2016-05-08,34.84,57
2016-05-09,41.16,61
2016-05-10,37.16,59.5
2016-05-11,44.56,57
2016-05-12,46.84,55.5
2016-05-13,50.84,53.5
2016-05-14,31.44,56.25
2016-05-15,38.28,58.25
2016-05-16,40.56,65.75
2016-05-17,37.72,59.75
2016-05-18,43.44,60
2016-05-19,40.56,59.5
2016-05-20,49.72,52.5
2016-05-21,34.28,53.75
2016-05-22,37.72,52.5
2016-05-23,37.16,54.75
2016-05-24,45.16,52.75
2016-05-25,40.56,53.25
2016-05-26,42.28,52.5
2016-05-27,54.28,47.25
2016-05-28,31.44,56
2016-05-29,41.16,56.75
2016-05-30,41.16,59.75
2016-05-31,38.28,61.75
2016-06-01,34.28,55.25
2016-06-02,38.28,57.25
2016-06-03,46.28,56.5
2016-06-04,33.72,56.75
2016-06-05,35.44,59.75
2016-06-06,36.56,60
2016-06-07,34.28,55.5
2016-06-08,53.72,55.5
2016-06-09,37.16,54
2016-06-10,43.44,52.5
2016-06-11,38.84,57.5
2016-06-12,38.84,61.25
2016-06-13,41.72,66.25
2016-06-14,41.72,62.5
2016-06-15,39.44,59
2016-06-16,45.72,54.75
2016-06-17,42.28,52
2016-06-18,31.44,53.25
2016-06-19,39.44,59.5
2016-06-20,42.28,63
2016-06-21,38.84,59
2016-06-22,42.84,60.75
2016-06-23,48,55.25
2016-06-24,53.72,53
2016-06-25,30.28,54.5
2016-06-26,34.84,58
2016-06-27,38.28,63.75
2016-06-28,47.44,62.25
2016-06-29,33.16,61
2016-06-30,49.16,56.75
2016-07-01,46.28,55.75
2016-07-02,38.28,57
2016-07-03,37.16,61.5
2016-07-04,36.56,69.5
2016-07-05,41.16,67
2016-07-06,41.72,71.75
2016-07-07,45.16,65.75
2016-07-08,49.72,57
2016-07-09,37.72,54.75
2016-07-10,38.84,48.75
2016-07-11,35.44,52.25
2016-07-12,47.44,51.75
2016-07-13,40.56,55.25
2016-07-14,49.16,53.75
2016-07-15,53.72,58.75
2016-07-16,41.72,61.25
2016-07-17,51.44,60.75
2016-07-18,35.44,65.5
2016-07-19,33.72,52.5
2016-07-20,36.56,53
2016-07-21,37.72,48
2016-07-22,43.44,46.25
2016-07-23,32.56,56.25
2016-07-24,44.56,60.5
2016-07-25,34.28,70.75
2016-07-26,54.84,70.25
2016-07-27,38.28,67.75
2016-07-28,43.44,67
2016-07-29,45.16,62.75
2016-07-30,25.16,64.75
2016-07-31,39.44,66.75
2016-08-01,32,66.25
2016-08-02,41.16,64.75
2016-08-03,48,62.25
2016-08-04,49.16,57.5
2016-08-05,55.44,53.5
2016-08-06,40,49.75
2016-08-07,42.28,54.5
2016-08-08,47.44,56.25
2016-08-09,45.72,54.5
2016-08-10,44.56,57
2016-08-11,46.84,48.5
2016-08-12,46.28,46.5
2016-08-13,42.28,48.25
2016-08-14,38.84,49.25
2016-08-15,36,57.25
2016-08-16,37.16,59.75
2016-08-17,33.72,59.5
2016-08-18,49.72,60.25
2016-08-19,40,56.25
2016-08-20,33.16,58
2016-08-21,39.44,60.5
2016-08-22,30.28,62.5
2016-08-23,35.44,59.75
2016-08-24,37.16,55
2016-08-25,41.72,51.25
2016-08-26,48.56,47.25
2016-08-27,41.16,49
2016-08-28,36.56,51.5
2016-08-29,43.44,56.5
2016-08-30,39.44,52.5
2016-08-31,45.16,48.75
2016-09-01,42.28,47
2016-09-02,48,43.5
2016-09-03,33.16,49.5
2016-09-04,34.28,53.25
2016-09-05,33.72,57
2016-09-06,38.84,50.25
2016-09-07,37.16,49.25
2016-09-08,40,46.5
2016-09-09,45.16,44.5
2016-09-10,29.72,52.5
2016-09-11,28.56,51
2016-09-12,36,53.25
2016-09-13,37.16,48
2016-09-14,43.44,43.25
2016-09-15,37.16,41.25
2016-09-16,44.56,40.5
2016-09-17,21.72,48.25
2016-09-18,41.16,53
2016-09-19,30.84,56.25
2016-09-20,40,55
2016-09-21,40,50.5
2016-09-22,37.72,45.5
2016-09-23,36,44
2016-09-24,28,48.75
2016-09-25,29.16,50.25
2016-09-26,33.16,60
2016-09-27,34.28,56
2016-09-28,45.72,52
2016-09-29,40,50
2016-09-30,40.56,39.5
2016-10-01,31.44,44
2016-10-02,35.44,48.25
2016-10-03,28.56,50.25
2016-10-04,37.16,50.25
2016-10-05,42.28,47.75
2016-10-06,38.84,45.25
2016-10-07,50.84,41.25
2016-10-08,28,45
2016-10-09,33.16,49.75
2016-10-10,34.28,51.5
2016-10-11,26.84,52
2016-10-12,38.28,53
2016-10-13,42.84,53.5
2016-10-14,38.84,51.25
2016-10-15,26.84,53.25
2016-10-16,32.56,53.5
2016-10-17,37.16,52
2016-10-18,29.72,50.25
2016-10-19,35.44,46.25
2016-10-20,43.44,43.75
2016-10-21,41.16,38.5
2016-10-22,30.84,38.25
2016-10-23,37.72,42.25
2016-10-24,44.56,44.5
2016-10-25,36,44.5
2016-10-26,35.44,44.5
2016-10-27,38.28,42
2016-10-28,41.16,40.75
2016-10-29,32,45.75
2016-10-30,26.28,51
2016-10-31,32.56,57.25
2016-11-01,29.16,52.5
2016-11-02,31.44,50.25
2016-11-03,35.44,44.5
2016-11-04,37.72,42
2016-11-05,29.16,47.25
2016-11-06,31.44,50.75
2016-11-07,29.72,54.75
2016-11-08,34.84,54
2016-11-09,40.56,52
2016-11-10,43.44,45.25
2016-11-11,44,42.75
2016-11-12,24,43.5
2016-11-13,35.44,48.75
2016-11-14,30.28,56
2016-11-15,38.28,56
2016-11-16,36,55.25
2016-11-17,43.44,49.5
2016-11-18,39.44,48.5
2016-11-19,36.56,52
2016-11-20,31.44,54.75
2016-11-21,28,61.75
2016-11-22,33.72,58.5
2016-11-23,38.28,54.25
2016-11-24,43.44,48.75
2016-11-25,44.56,43
2016-11-26,33.72,40.5
2016-11-27,36.56,46
2016-11-28,30.28,48
2016-11-29,42.28,45.25
2016-11-30,41.72,43.5
2016-12-01,42.84,36.25
2016-12-02,46.28,34.75
2016-12-03,34.84,36.75
2016-12-04,32,39.75
2016-12-05,30.28,39.75
2016-12-06,33.16,35.75
2016-12-07,29.16,35.5
2016-12-08,44.56,34.5
2016-12-09,34.84,34
2016-12-10,26.84,38.25
2016-12-11,25.16,38.25
2016-12-12,28,41.25
2016-12-13,31.44,39.25
2016-12-14,31.44,35.75
2016-12-15,32,35.75
2016-12-16,28,31.5
2016-12-17,22.28,35.75
2016-12-18,30.84,42.25
2016-12-19,29.72,44.5
2016-12-20,26.84,44
2016-12-21,32,44
2016-12-22,30.84,37.5
2016-12-23,36.56,32
2016-12-24,22.28,32.25
2016-12-25,24,30.5
2016-12-26,30.84,33.5
2016-12-27,26.84,33.5
2016-12-28,32,34.25
2016-12-29,38.84,31.25
2016-12-30,36,32.25
2016-12-31,25.72,33.5
2017-01-01,32,37.25
2017-01-02,24,39.5
2017-01-03,23.44,33
2017-01-04,26.28,34
2017-01-05,28,28.25
2017-01-06,30.84,27.75
2017-01-07,23.44,33.5
2017-01-08,28,34.75
2017-01-09,21.16,39.75
2017-01-10,33.16,40.25
2017-01-11,26.28,38
2017-01-12,36.56,36.25
2017-01-13,26.28,34
2017-01-14,18.28,33.75
2017-01-15,28.56,36.25
2017-01-16,23.44,40.75
2017-01-17,25.16,36.75
2017-01-18,31.44,38.25
2017-01-19,31.44,34.5
2017-01-20,34.84,29.75
2017-01-21,26.28,32.75
2017-01-22,26.28,34.5
2017-01-23,27.44,36
2017-01-24,29.72,35.25
2017-01-25,25.72,33.75
2017-01-26,32,30.5
2017-01-27,37.72,30.25
2017-01-28,20.56,30.5
2017-01-29,29.16,34.75
2017-01-30,23.44,38.25
2017-01-31,26.84,34.25
2017-02-01,27.44,33.5
2017-02-02,33.16,29.5
2017-02-03,26.84,25.5
2017-02-04,25.16,30.25
2017-02-05,24,33
2017-02-06,25.72,38.75
2017-02-07,26.28,39
2017-02-08,25.72,38.75
2017-02-09,33.72,36.25
2017-02-10,33.72,30
2017-02-11,17.16,32.25
2017-02-12,24,35
2017-02-13,24.56,36
2017-02-14,24.56,37.5
2017-02-15,28,36.75
2017-02-16,30.28,34.25
2017-02-17,37.72,35
2017-02-18,25.16,38.5
2017-02-19,27.44,38.25
2017-02-20,24.56,40.25
2017-02-21,23.44,38
2017-02-22,30.28,34.5
2017-02-23,33.72,33
2017-02-24,26.84,31.5
2017-02-25,26.84,33.25
2017-02-26,28.56,33.5
2017-02-27,28,39.25
2017-02-28,28.56,40.75
2017-03-01,34.84,43
2017-03-02,28,44.25
2017-03-03,32.56,43.75
2017-03-04,23.44,45.75
2017-03-05,26.84,47.5
2017-03-06,24.56,49
2017-03-07,29.16,46.25
2017-03-08,27.44,44
2017-03-09,27.44,42.25
2017-03-10,37.72,38.25
2017-03-11,32.56,41.25
2017-03-12,32.56,45.5
2017-03-13,30.28,48
2017-03-14,36.56,49.75
2017-03-15,37.16,46.25
2017-03-16,36.56,42.25
2017-03-17,33.72,39
2017-03-18,30.28,43.25
2017-03-19,32,47
2017-03-20,32.56,51
2017-03-21,24.56,51
2017-03-22,37.16,50
2017-03-23,41.72,45.5
2017-03-24,38.28,42.5
2017-03-25,28.56,42
2017-03-26,29.16,42.25
2017-03-27,32.56,48
2017-03-28,30.84,45.5
2017-03-29,38.28,46.25
2017-03-30,37.72,45.25
2017-03-31,41.72,47.25
2017-04-01,30.84,54.25
2017-04-02,36,56.5
2017-04-03,27.44,64.25
2017-04-04,34.84,59.25
2017-04-05,29.72,57.5
2017-04-06,36.56,59.75
2017-04-07,40.56,53.25
2017-04-08,29.16,56.75
2017-04-09,31.44,53.75
2017-04-10,34.28,53.25
2017-04-11,45.16,50.5
2017-04-12,45.16,46.75
2017-04-13,36.56,48.5
2017-04-14,52,46.75
2017-04-15,33.72,50.25
2017-04-16,41.16,51.5
2017-04-17,41.72,55
2017-04-18,37.16,51
2017-04-19,41.72,50.5
2017-04-20,34.28,50.5
2017-04-21,40.56,46.25
2017-04-22,30.84,49.75
2017-04-23,33.16,51.25
2017-04-24,38.28,55
2017-04-25,36.56,55.25
2017-04-26,38.84,57.75
2017-04-27,36,55
2017-04-28,46.28,52.5
2017-04-29,27.44,58
2017-04-30,37.72,58.75
2017-05-01,36,66.5
2017-05-02,36.56,62.75
2017-05-03,35.44,56.75
2017-05-04,41.16,54.25
2017-05-05,44.56,48.25
2017-05-06,37.16,52
2017-05-07,41.16,56
2017-05-08,34.84,57.25
2017-05-09,38.84,51.5
2017-05-10,49.72,51.5
2017-05-11,42.84,47.25
2017-05-12,52.56,46.75
2017-05-13,30.28,59.25
2017-05-14,36,65.25
2017-05-15,37.16,65.25
2017-05-16,38.84,65.75
2017-05-17,38.84,61.25
2017-05-18,45.16,56.5
2017-05-19,40,59
2017-05-20,25.72,62.75
2017-05-21,38.84,60.25
2017-05-22,35.44,65.25
2017-05-23,38.84,60.5
2017-05-24,54.28,58.5
2017-05-25,52.56,60
2017-05-26,35.44,57.5
2017-05-27,40,61.75
2017-05-28,44,61.75
2017-05-29,41.72,65.75
2017-05-30,41.16,61
2017-05-31,48.56,60
2017-06-01,38.28,56.75
2017-06-02,53.16,50
2017-06-03,30.28,53.25
2017-06-04,44,60.25
2017-06-05,41.72,69.25
2017-06-06,47.44,67.75
2017-06-07,40,66
2017-06-08,44,59.25
2017-06-09,50.84,49.75
2017-06-10,36.56,51.25
2017-06-11,37.72,51.25
2017-06-12,36.56,56.25
2017-06-13,35.44,56.5
2017-06-14,44,57.75
2017-06-15,53.72,54.75
2017-06-16,57.16,54
2017-06-17,32,57.5
2017-06-18,40,61.75
2017-06-19,38.28,72.5
2017-06-20,35.44,68
2017-06-21,35.44,67.25
2017-06-22,40,63.25
2017-06-23,49.72,57
2017-06-24,36,62.25
2017-06-25,38.28,62.25
2017-06-26,33.16,67.5
2017-06-27,48,66.25
2017-06-28,44,60.5
2017-06-29,48,58.75
2017-06-30,57.72,56.5
2017-07-01,37.72,57
2017-07-02,42.28,61.25
2017-07-03,38.84,64.75
2017-07-04,43.44,59.25
2017-07-05,49.72,58.75
2017-07-06,42.28,56.5
2017-07-07,50.84,54.25
2017-07-08,40.56,58.5
2017-07-09,36.56,62.75
2017-07-10,38.28,66
2017-07-11,45.72,67.25
2017-07-12,41.72,66.5
2017-07-13,46.28,63
2017-07-14,46.28,58.75
2017-07-15,33.16,61
2017-07-16,40.56,61.5
2017-07-17,41.16,68.25
2017-07-18,41.16,69.25
2017-07-19,42.84,68
2017-07-20,50.28,67.75
2017-07-21,48.56,61.75
2017-07-22,44,61.5
2017-07-23,41.16,57.75
2017-07-24,42.28,60.75
2017-07-25,38.84,58.75
2017-07-26,49.16,60.25
2017-07-27,42.28,61.25
2017-07-28,57.72,62.25
2017-07-29,41.16,66.25
2017-07-30,46.28,63.5
2017-07-31,41.72,68
2017-08-01,44,61.25
2017-08-02,40.56,57.25
2017-08-03,37.72,57.25
2017-08-04,48.56,49.25
2017-08-05,39.44,51.25
2017-08-06,44,53.5
2017-08-07,40,58.75
2017-08-08,50.84,60.5
2017-08-09,48.56,58.5
2017-08-10,37.72,56.25
2017-08-11,50.28,48.75
2017-08-12,35.44,51
2017-08-13,39.44,54.5
2017-08-14,37.72,56
2017-08-15,32,55.75
2017-08-16,40,56.25
2017-08-17,44.56,57.25
2017-08-18,49.72,55
2017-08-19,36,60.75
2017-08-20,35.44,62.25
2017-08-21,39.44,61
2017-08-22,32.56,60
2017-08-23,41.16,53.25
2017-08-24,43.44,50
2017-08-25,42.84,45.5
2017-08-26,32,52.25
2017-08-27,42.28,62.25
2017-08-28,45.72,69
2017-08-29,37.72,67
2017-08-30,45.16,63
2017-08-31,45.72,56.75
2017-09-01,42.84,53.75
2017-09-02,35.44,58
2017-09-03,29.72,55.75
2017-09-04,38.28,65
2017-09-05,32.56,58
2017-09-06,50.84,60.25
2017-09-07,52.56,59.5
2017-09-08,53.72,48.75
2017-09-09,28,52.25
2017-09-10,41.72,50
2017-09-11,38.28,55
2017-09-12,46.84,54.25
2017-09-13,37.72,53
2017-09-14,36.56,52.5
2017-09-15,59.44,49.25
2017-09-16,30.84,50.5
2017-09-17,42.84,52.75
2017-09-18,34.84,55.5
2017-09-19,34.84,52
2017-09-20,38.84,51.5
2017-09-21,37.72,46
2017-09-22,46.28,44
2017-09-23,33.16,45.25
2017-09-24,36,50
2017-09-25,36.56,58.75
2017-09-26,38.84,56.75
2017-09-27,36,57.75
2017-09-28,41.16,55.5
2017-09-29,42.84,46.5
2017-09-30,30.84,47
2017-10-01,34.84,48.75
2017-10-02,28.56,50
2017-10-03,38.28,50.25
2017-10-04,33.72,47.25
2017-10-05,45.72,44
2017-10-06,48.56,43.25
2017-10-07,33.72,49.25
2017-10-08,36,53
2017-10-09,40.56,55.75
2017-10-10,28,53
2017-10-11,34.84,49.25
2017-10-12,40,45.75
2017-10-13,43.44,44
2017-10-14,28.56,44.5
2017-10-15,28,46.25
2017-10-16,32.56,50
2017-10-17,41.72,49.75
2017-10-18,42.28,45
2017-10-19,36.56,43
2017-10-20,38.84,45.25
2017-10-21,35.44,45.25
2017-10-22,33.72,50.25
2017-10-23,28.56,55.5
2017-10-24,34.84,49.75
2017-10-25,36.56,46.75
2017-10-26,37.72,44.5
2017-10-27,37.16,39
2017-10-28,34.28,40.75
2017-10-29,25.72,47
2017-10-30,33.16,51
2017-10-31,42.28,50.5
2017-11-01,34.28,52.5
2017-11-02,37.16,50.5
2017-11-03,45.16,48.25
2017-11-04,29.16,52
2017-11-05,27.44,53.25
2017-11-06,32,57.5
2017-11-07,32.56,55.5
2017-11-08,33.16,54.25
2017-11-09,41.72,48.25
2017-11-10,41.16,44.75
2017-11-11,31.44,46.25
2017-11-12,37.72,48
2017-11-13,37.16,59.25
2017-11-14,36,57
2017-11-15,40,59
2017-11-16,40.56,56.5
2017-11-17,46.84,54.5
2017-11-18,31.44,56
2017-11-19,37.16,57.25
2017-11-20,26.84,60.75
2017-11-21,38.84,53
2017-11-22,34.84,51.5
2017-11-23,41.16,48.25
2017-11-24,52.56,47.75
2017-11-25,33.72,49.75
2017-11-26,39.44,53.25
2017-11-27,35.44,60.75
2017-11-28,48,56
2017-11-29,37.16,52.25
2017-11-30,42.28,49.25
2017-12-01,43.44,41
2017-12-02,30.28,41.25
2017-12-03,33.72,44.25
2017-12-04,34.84,41.5
2017-12-05,42.28,36.75
2017-12-06,34.84,32.5
2017-12-07,41.72,30.25
2017-12-08,52,28
2017-12-09,31.44,32
2017-12-10,26.28,36
2017-12-11,34.84,38
2017-12-12,33.16,38.5
2017-12-13,32,34
2017-12-14,33.16,33.5
2017-12-15,28.56,32
2017-12-16,22.28,35.25
2017-12-17,22.28,40.75
2017-12-18,28,41.75
2017-12-19,23.44,40.25
2017-12-20,31.44,39.25
2017-12-21,31.44,35.25
2017-12-22,32.56,34.5
2017-12-23,24.56,34.75
2017-12-24,21.16,37.75
2017-12-25,30.28,42.25
2017-12-26,29.16,38.5
2017-12-27,32,37
2017-12-28,33.72,34.25
2017-12-29,32.56,30
2017-12-30,25.72,33.5
2017-12-31,29.72,39.75
2018-01-01,24.56,40
2018-01-02,30.84,39.75
2018-01-03,26.28,36.75
2018-01-04,36.56,32.75
2018-01-05,34.84,31.5
2018-01-06,22.28,34.5
2018-01-07,22.84,37.25
2018-01-08,30.28,40
2018-01-09,25.16,35
2018-01-10,30.28,33
2018-01-11,37.16,29
2018-01-12,30.84,25.75
2018-01-13,24.56,32.5
2018-01-14,23.44,35.5
2018-01-15,28,41.5
2018-01-16,28,41
2018-01-17,31.44,38.75
2018-01-18,29.72,36.75
2018-01-19,34.28,34.25
2018-01-20,16.56,35.5
2018-01-21,26.84,38.25
2018-01-22,20.56,38.5
2018-01-23,26.84,35
2018-01-24,32,35
2018-01-25,33.72,31.25
2018-01-26,34.28,31.25
2018-01-27,25.72,35.5
2018-01-28,26.84,37.75
2018-01-29,29.16,39.25
2018-01-30,28.56,39.5
2018-01-31,28.56,40.75
2018-02-01,33.16,37.5
2018-02-02,29.72,38.5
2018-02-03,20.56,41.25
2018-02-04,28.56,42.25
2018-02-05,24.56,44.75
2018-02-06,29.72,44.75
2018-02-07,30.28,40.25
2018-02-08,33.72,39.25
2018-02-09,28,39
2018-02-10,30.28,39.5
2018-02-11,33.16,42.5
2018-02-12,26.28,41
2018-02-13,30.28,38.5
2018-02-14,36.56,36.5
2018-02-15,35.44,34.75
2018-02-16,32,31.5
2018-02-17,30.28,35.75
2018-02-18,26.28,39
2018-02-19,33.16,41.5
2018-02-20,31.44,45
2018-02-21,31.44,44
2018-02-22,33.16,41.5
2018-02-23,29.72,41
2018-02-24,25.72,42.25
2018-02-25,26.84,39.75
2018-02-26,29.16,42.75
2018-02-27,22.28,39.5
2018-02-28,35.44,41.75
2018-03-01,34.28,44
2018-03-02,34.84,43.75
2018-03-03,30.28,49
2018-03-04,33.16,50.5
2018-03-05,28.56,51.5
2018-03-06,33.72,48.75
2018-03-07,33.16,47.25
2018-03-08,27.44,44.5
2018-03-09,35.44,42
2018-03-10,26.28,44.5
2018-03-11,38.28,48
2018-03-12,32.56,53.25
2018-03-13,34.84,55.25
2018-03-14,38.28,56.25
2018-03-15,41.72,51.25
2018-03-16,34.84,44.75
2018-03-17,28.56,47.5
2018-03-18,34.84,52.25
2018-03-19,35.44,56.25
2018-03-20,29.16,56.25
2018-03-21,34.28,54
2018-03-22,42.84,46.75
2018-03-23,47.44,42.75
2018-03-24,33.72,45
2018-03-25,36.56,47.5
2018-03-26,31.44,51.75
2018-03-27,32.56,49.75
2018-03-28,40,49.75
2018-03-29,47.44,46.75
2018-03-30,40.56,46.25
2018-03-31,32.56,50.75
2018-04-01,34.84,54.25
2018-04-02,30.84,59.5
2018-04-03,31.44,56.25
2018-04-04,37.72,55
2018-04-05,40.56,51
2018-04-06,40.56,49.5
2018-04-07,26.84,51.5
2018-04-08,37.72,59.25
2018-04-09,33.72,63.75
2018-04-10,39.44,62
2018-04-11,37.16,63.25
2018-04-12,45.72,56
2018-04-13,45.72,53.5
2018-04-14,32,56.25
2018-04-15,34.28,59.25
2018-04-16,36.56,68
2018-04-17,42.28,61.75
2018-04-18,36.56,59.5
2018-04-19,52,56.25
2018-04-20,46.84,54
2018-04-21,38.28,60
2018-04-22,39.44,57.75
2018-04-23,35.44,64.5
2018-04-24,41.16,54.75
2018-04-25,44.56,50.75
2018-04-26,46.28,53.5
2018-04-27,55.44,46.25
2018-04-28,26.84,54
2018-04-29,39.44,57.25
2018-04-30,38.84,61.75
2018-05-01,50.28,59.5
2018-05-02,40.56,56.25
2018-05-03,34.28,57
2018-05-04,54.28,51.25
2018-05-05,28,58.25
2018-05-06,31.44,62.5
2018-05-07,40.56,65.75
2018-05-08,37.72,65.75
2018-05-09,45.72,65.75
2018-05-10,38.84,61.75
2018-05-11,50.84,60
2018-05-12,32.56,62.25
2018-05-13,38.28,62
2018-05-14,40.56,64.75
2018-05-15,37.72,64.5
2018-05-16,48.56,62.5
2018-05-17,48,57.5
2018-05-18,48,56.25
2018-05-19,37.72,58.5
2018-05-20,48.56,62.25
2018-05-21,38.84,65.75
2018-05-22,44,60
2018-05-23,42.84,58
2018-05-24,48,57.25
2018-05-25,45.16,56.75
2018-05-26,43.44,61.5
2018-05-27,38.28,62.75
2018-05-28,36.56,62.75
2018-05-29,42.28,59.25
2018-05-30,48.56,58.75
2018-05-31,46.84,54.75
2018-06-01,44.56,55.75
2018-06-02,29.16,61.25
2018-06-03,44,67.75
2018-06-04,45.16,74.25
2018-06-05,43.44,67
2018-06-06,40,63.5
2018-06-07,46.84,57.25
2018-06-08,45.16,53.25
2018-06-09,35.44,58.25
2018-06-10,38.84,63.25
2018-06-11,37.72,68.75
2018-06-12,47.44,66.25
2018-06-13,48,70.25
2018-06-14,53.72,66
2018-06-15,52.56,61
2018-06-16,30.84,64.5
2018-06-17,40,63.5
2018-06-18,39.44,65.75
2018-06-19,43.44,65.25
2018-06-20,42.28,61.25
2018-06-21,51.44,58.5
2018-06-22,52,57.75
2018-06-23,37.72,59
2018-06-24,51.44,65
2018-06-25,41.72,66.75
2018-06-26,40.56,62.5
2018-06-27,45.72,62.75
2018-06-28,49.16,57.25
2018-06-29,46.84,55
2018-06-30,39.44,62
2018-07-01,36.56,67.25
2018-07-02,42.84,73
2018-07-03,45.16,73.25
2018-07-04,42.28,74
2018-07-05,50.28,69
2018-07-06,46.84,68.5
2018-07-07,35.44,70.25
2018-07-08,42.84,74.75
2018-07-09,37.72,80.5
2018-07-10,41.72,77.5
2018-07-11,51.44,77.75
2018-07-12,54.84,67.5
2018-07-13,50.84,64.25
2018-07-14,42.28,69
2018-07-15,53.16,75
2018-07-16,43.44,80.75
2018-07-17,49.72,78.25
2018-07-18,46.28,74.75
2018-07-19,63.44,68.25
2018-07-20,56.56,64.25
2018-07-21,42.84,69.75
2018-07-22,46.84,73.5
2018-07-23,40,80.25
2018-07-24,49.16,77.5
2018-07-25,53.72,72
2018-07-26,60.56,67
2018-07-27,53.16,63.25
2018-07-28,43.44,69.5
2018-07-29,45.72,76.25
2018-07-30,45.72,83.25
2018-07-31,44,74.5
2018-08-01,56,68.75
2018-08-02,54.28,61.75
2018-08-03,61.16,53.25
2018-08-04,37.72,61.5
2018-08-05,43.44,62.25
2018-08-06,42.84,63.75
2018-08-07,52.56,61.75
2018-08-08,52,58.5
2018-08-09,58.84,59
2018-08-10,58.84,62.25
2018-08-11,32.56,68.25
2018-08-12,38.84,67.75
2018-08-13,42.84,68.25
2018-08-14,39.44,58
2018-08-15,51.44,53
2018-08-16,40.56,56
2018-08-17,46.28,54.25
2018-08-18,34.84,61
2018-08-19,44,65.75
2018-08-20,41.72,65
2018-08-21,53.72,65.5
2018-08-22,48.56,61.75
2018-08-23,42.84,58.5
2018-08-24,42.84,57.5
2018-08-25,30.28,66.25
2018-08-26,37.16,70.75
2018-08-27,49.72,74.5
2018-08-28,38.84,73.25
2018-08-29,45.72,63.25
2018-08-30,48,58.5
2018-08-31,48,59.5
2018-09-01,40,59.75
2018-09-02,37.16,66.5
2018-09-03,40.56,70.5
2018-09-04,45.72,63
2018-09-05,60,59.75
2018-09-06,47.44,50.25
2018-09-07,49.16,48.25
2018-09-08,42.84,56.25
2018-09-09,37.16,57.75
2018-09-10,36.56,66.75
2018-09-11,51.44,63
2018-09-12,43.44,55.25
2018-09-13,52.56,53.75
2018-09-14,45.72,47.5
2018-09-15,34.28,50.75
2018-09-16,36,55.75
2018-09-17,30.84,60.75
2018-09-18,41.16,58.25
2018-09-19,52.56,54.25
2018-09-20,39.44,55
2018-09-21,51.44,52.5
2018-09-22,32.56,57.75
2018-09-23,34.84,64.25
2018-09-24,36,63.75
2018-09-25,37.16,60
2018-09-26,40,57.25
2018-09-27,46.28,55.5
2018-09-28,47.44,56.5
2018-09-29,31.44,59
2018-09-30,30.84,56.25
2018-10-01,48,56
2018-10-02,41.72,49.75
2018-10-03,43.44,47
2018-10-04,45.72,51.25
2018-10-05,46.84,50.5
2018-10-06,33.16,55.75
2018-10-07,37.16,59
2018-10-08,41.72,58.75
2018-10-09,49.16,54
2018-10-10,38.84,49
2018-10-11,30.84,45.25
2018-10-12,41.16,44.25
2018-10-13,34.84,46
2018-10-14,32.56,46.75
2018-10-15,40.56,52.75
2018-10-16,39.44,49.25
2018-10-17,46.84,50.25
2018-10-18,40,50
2018-10-19,40,49.5
2018-10-20,28.56,55
2018-10-21,35.44,57.75
2018-10-22,31.44,59.5
2018-10-23,37.72,53.5
2018-10-24,32.56,48.5
2018-10-25,37.16,44.75
2018-10-26,45.16,44.5
2018-10-27,29.72,47.5
2018-10-28,34.84,52
2018-10-29,36.56,60.5
2018-10-30,44,58
2018-10-31,42.28,55.75
2018-11-01,41.16,53.5
2018-11-02,40.56,48.25
2018-11-03,30.28,52.25
2018-11-04,30.84,56.5
2018-11-05,32.56,61
2018-11-06,40,56.5
2018-11-07,37.16,52.25
2018-11-08,41.16,52.5
2018-11-09,52,49.5
2018-11-10,34.28,57.25
2018-11-11,32,64.5
2018-11-12,36,67
2018-11-13,40,66.75
2018-11-14,43.44,60.25
2018-11-15,41.72,57.75
2018-11-16,46.28,52
2018-11-17,29.72,56
2018-11-18,33.72,58.25
2018-11-19,42.28,59
2018-11-20,39.44,56.75
2018-11-21,47.44,51
2018-11-22,50.28,52
2018-11-23,48,48.5
2018-11-24,38.84,51
2018-11-25,32.56,55.75
2018-11-26,44.56,57
2018-11-27,34.84,55
2018-11-28,48,53
2018-11-29,37.72,52
2018-11-30,46.28,50
2018-12-01,29.72,49
2018-12-02,34.84,49
2018-12-03,40,43.75
2018-12-04,38.28,38.25
2018-12-05,35.44,39.5
2018-12-06,45.72,41
2018-12-07,42.84,40.75
2018-12-08,33.72,43.25
2018-12-09,30.84,42.25
2018-12-10,43.44,39
2018-12-11,38.28,38.25
2018-12-12,31.44,35.75
2018-12-13,30.84,37
2018-12-14,31.44,39.5
2018-12-15,25.72,40.5
2018-12-16,34.28,42.75
2018-12-17,34.28,43
2018-12-18,30.84,41
2018-12-19,31.44,39.5
2018-12-20,32,39.5
2018-12-21,26.84,36
2018-12-22,29.16,39.75
2018-12-23,25.72,42.5
2018-12-24,34.84,44.5
2018-12-25,32.56,45.5
2018-12-26,31.44,42.25
2018-12-27,30.84,37
2018-12-28,35.44,35.5
2018-12-29,28,36.25
2018-12-30,28,38.25
2018-12-31,30.84,42.25
2019-01-01,27.44,40.5
2019-01-02,36.56,38.75
2019-01-03,34.28,39.75
2019-01-04,35.44,38.25
2019-01-05,29.72,37
2019-01-06,29.16,41.75
2019-01-07,22.28,38.75
2019-01-08,32,39.5
2019-01-09,31.44,42.25
2019-01-10,33.72,37.25
2019-01-11,31.44,37
2019-01-12,28,38.75
2019-01-13,27.44,39
2019-01-14,36,41.75
2019-01-15,28,38.75
2019-01-16,25.16,34
2019-01-17,38.28,32.75
2019-01-18,29.16,31.75
2019-01-19,29.72,36
2019-01-20,31.44,41.75
2019-01-21,26.84,43
2019-01-22,28.56,41
2019-01-23,33.72,40
2019-01-24,32,36
2019-01-25,33.16,36.75
2019-01-26,21.72,36.25
2019-01-27,22.84,39.5
2019-01-28,29.16,41.75
2019-01-29,30.84,35
2019-01-30,31.44,36.75
2019-01-31,36,32.5
2019-02-01,32,32
2019-02-02,26.28,36.25
2019-02-03,29.16,37.5
2019-02-04,26.84,41.75
2019-02-05,33.72,39.5
2019-02-06,25.16,38
2019-02-07,36.56,40
2019-02-08,32,39.5
2019-02-09,18.28,43.5
2019-02-10,29.16,48.5
2019-02-11,26.84,48.75
2019-02-12,30.84,45.25
2019-02-13,28,43
2019-02-14,32,41
2019-02-15,36.56,38.5
2019-02-16,25.72,43
2019-02-17,24.56,46.5
2019-02-18,36.56,48
2019-02-19,35.44,45.5
2019-02-20,34.84,44
2019-02-21,36,43
2019-02-22,37.16,42
2019-02-23,27.44,45.25
2019-02-24,29.72,44.25
2019-02-25,31.44,45.75
2019-02-26,31.44,41.75
2019-02-27,37.72,40.25
2019-02-28,37.72,42.75
2019-03-01,34.84,42.75
2019-03-02,25.72,48.75
2019-03-03,34.28,52.25
2019-03-04,35.44,53.25
2019-03-05,32.56,50.5
2019-03-06,33.16,51
2019-03-07,32,52.25
2019-03-08,38.84,49.5
2019-03-09,23.44,50.25
2019-03-10,29.72,48.75
2019-03-11,37.72,51.5
2019-03-12,38.84,48.5
2019-03-13,37.16,50.25
2019-03-14,37.72,51.25
2019-03-15,40,46.5
2019-03-16,32.56,52.75
2019-03-17,38.28,53.25
2019-03-18,40.56,53.75
2019-03-19,33.72,51.75
2019-03-20,34.28,49.75
2019-03-21,34.84,49
2019-03-22,46.84,47
2019-03-23,26.84,48.75
2019-03-24,38.28,50
2019-03-25,37.16,50
2019-03-26,36,48.5
2019-03-27,41.16,46.25
2019-03-28,39.44,42
2019-03-29,38.28,42.75
2019-03-30,31.44,45
2019-03-31,36.56,53.75
2019-04-01,37.72,64.25
2019-04-02,33.72,64
2019-04-03,35.44,66.25
2019-04-04,39.44,64.25
2019-04-05,37.72,61.5
2019-04-06,30.28,60.75
2019-04-07,30.28,63.75
2019-04-08,29.72,65
2019-04-09,39.44,59.25
2019-04-10,35.44,60.25
2019-04-11,50.28,59.5
2019-04-12,53.72,56.5
2019-04-13,38.84,60.25
2019-04-14,40.56,63.5
2019-04-15,45.72,65
2019-04-16,47.44,63
2019-04-17,37.16,60.75
2019-04-18,47.44,57.5
2019-04-19,48.56,54
2019-04-20,34.28,55.5
2019-04-21,39.44,60.75
2019-04-22,45.72,66
2019-04-23,41.72,60.75
2019-04-24,42.84,59.5
2019-04-25,46.84,54
2019-04-26,49.16,47.75
2019-04-27,37.16,52.5
2019-04-28,37.72,56
2019-04-29,39.44,62
2019-04-30,41.16,59
2019-05-01,40.56,56
2019-05-02,49.72,54.5
2019-05-03,51.44,54
2019-05-04,29.16,64.5
2019-05-05,37.72,71.25
2019-05-06,37.16,76.75
2019-05-07,37.16,72
2019-05-08,40,64
2019-05-09,45.72,59.5
2019-05-10,50.84,55
2019-05-11,30.28,55
2019-05-12,33.16,63
2019-05-13,42.28,68.75
2019-05-14,49.72,65.75
2019-05-15,54.28,68.5
2019-05-16,48.56,62.75
2019-05-17,54.84,59
2019-05-18,38.84,63
2019-05-19,36,64.25
2019-05-20,38.28,65.5
2019-05-21,44.56,61
2019-05-22,38.84,57.5
2019-05-23,54.28,52
2019-05-24,51.44,53
2019-05-25,37.72,59.75
2019-05-26,45.16,61
2019-05-27,41.16,68.5
2019-05-28,42.84,65.75
2019-05-29,46.84,62.25
2019-05-30,48,65.25
2019-05-31,44,63.5
2019-06-01,32.56,68
2019-06-02,38.84,72.75
2019-06-03,35.44,73.5
2019-06-04,46.28,68
2019-06-05,48,66
2019-06-06,41.72,58.25
2019-06-07,52.56,59.5
2019-06-08,40,65.25
2019-06-09,40,68.5
2019-06-10,48.56,81.5
2019-06-11,48.56,73
2019-06-12,50.28,69.5
2019-06-13,50.84,66.25
2019-06-14,50.28,59.25
2019-06-15,36,64.5
2019-06-16,45.72,71.25
2019-06-17,33.16,78.25
2019-06-18,53.16,76
2019-06-19,49.16,73.75
2019-06-20,53.16,70.25
2019-06-21,62.84,65.75
2019-06-22,33.72,68.5
2019-06-23,41.16,72.5
2019-06-24,45.72,77.25
2019-06-25,46.84,69.75
2019-06-26,45.72,66
2019-06-27,56.56,62.5
2019-06-28,61.72,55.25
2019-06-29,41.72,63
2019-06-30,40.56,72.75
2019-07-01,48.56,80.25
2019-07-02,51.44,81.75
2019-07-03,48,81.5
2019-07-04,49.72,74
2019-07-05,59.44,70.5
2019-07-06,34.28,77.75
2019-07-07,39.44,78
2019-07-08,41.72,86
2019-07-09,42.84,77.25
2019-07-10,52,70.5
2019-07-11,61.72,68.75
2019-07-12,58.84,62.5
2019-07-13,46.28,70.5
2019-07-14,51.44,72.75
2019-07-15,44.56,75
2019-07-16,50.84,70.75
2019-07-17,62.84,67.75
2019-07-18,52,68.75
2019-07-19,62.84,65
2019-07-20,30.84,71.25
2019-07-21,47.44,72.75
2019-07-22,48,71.75
2019-07-23,48.56,66.5
2019-07-24,49.16,63.75
2019-07-25,52.56,66
2019-07-26,53.16,61.75
2019-07-27,38.84,71.5
2019-07-28,42.28,74.25
2019-07-29,54.84,77.5
2019-07-30,44.56,76.75
2019-07-31,53.16,71
2019-08-01,45.72,65.5
2019-08-02,52.56,58
2019-08-03,32.56,57.75
2019-08-04,46.84,57.75
2019-08-05,50.84,62.25
2019-08-06,42.84,59.5
2019-08-07,54.84,60.25
2019-08-08,53.16,61
2019-08-09,58.28,60.5
2019-08-10,41.16,65.5
2019-08-11,41.72,70.75
2019-08-12,40.56,79.5
2019-08-13,41.16,73.25
2019-08-14,40.56,67.5
2019-08-15,41.72,63.75
2019-08-16,50.84,54.5
2019-08-17,34.84,57
2019-08-18,42.28,63.75
2019-08-19,43.44,70.75
2019-08-20,49.72,72
2019-08-21,46.28,75
2019-08-22,54.28,73.75
2019-08-23,63.44,65.75
2019-08-24,35.44,66.5
2019-08-25,33.16,65
2019-08-26,45.72,68.75
2019-08-27,42.28,65.25
2019-08-28,41.16,64.75
2019-08-29,48.56,62.5
2019-08-30,61.72,58.25
2019-08-31,45.16,61
2019-09-01,48,64
2019-09-02,45.72,71
2019-09-03,43.44,68
2019-09-04,46.84,67.5
2019-09-05,44.56,61.75
2019-09-06,54.28,55
2019-09-07,35.44,56.5
2019-09-08,45.72,59
2019-09-09,39.44,69
2019-09-10,44.56,67
2019-09-11,41.72,68.25
2019-09-12,52.56,66.75
2019-09-13,55.44,55.5
2019-09-14,37.72,57.25
2019-09-15,40.56,59.75
2019-09-16,39.44,66.5
2019-09-17,40,64.5
2019-09-18,41.16,62.25
2019-09-19,46.28,60
2019-09-20,62.28,55.5
2019-09-21,35.44,61.25
2019-09-22,44,67.5
2019-09-23,42.84,72.75
2019-09-24,36.56,69.75
2019-09-25,39.44,70.75
2019-09-26,49.72,67.75
2019-09-27,58.28,64
2019-09-28,32,63.5
2019-09-29,34.28,59.5
2019-09-30,44.56,60.75
2019-10-01,48,54.5
2019-10-02,45.16,51.5
2019-10-03,48.56,49.75
2019-10-04,56.56,47.25
2019-10-05,41.16,51
2019-10-06,47.44,54.75
2019-10-07,41.72,60.25
2019-10-08,48,58.75
2019-10-09,40,56
2019-10-10,38.28,52.25
2019-10-11,44.56,46.75
2019-10-12,33.72,54.25
2019-10-13,33.16,59.25
2019-10-14,34.28,64
2019-10-15,38.84,64
2019-10-16,42.28,56.75
2019-10-17,41.72,51
2019-10-18,46.84,51.75
2019-10-19,35.44,53
2019-10-20,36,55.5
2019-10-21,33.16,60.5
2019-10-22,34.28,54.75
2019-10-23,52.56,53.25
2019-10-24,47.44,51.75
2019-10-25,44,48.5
2019-10-26,34.28,53.5
2019-10-27,36,55.5
2019-10-28,34.28,59
2019-10-29,45.72,59.25
2019-10-30,37.16,56.25
2019-10-31,41.72,57.75
2019-11-01,45.72,55.75
2019-11-02,32.56,57.5
2019-11-03,33.72,61.25
2019-11-04,38.28,66
2019-11-05,38.28,65.5
2019-11-06,44,65
2019-11-07,38.28,62.25
2019-11-08,46.28,61.5
2019-11-09,38.84,64.5
2019-11-10,37.16,68.5
2019-11-11,41.72,70.5
2019-11-12,41.72,61.5
2019-11-13,42.84,57.25
2019-11-14,45.72,50.5
2019-11-15,52.56,47
2019-11-16,40.56,51.75
2019-11-17,41.72,52.75
2019-11-18,39.44,57.5
2019-11-19,50.84,54
2019-11-20,47.44,58.75
2019-11-21,50.84,58.25
2019-11-22,44,56
2019-11-23,30.28,67.75
2019-11-24,37.72,69
2019-11-25,35.44,74.25
2019-11-26,36,72.5
2019-11-27,41.16,66.25
2019-11-28,40,62.75
2019-11-29,46.28,60.5
2019-11-30,28,58.25
2019-12-01,52,54
2019-12-02,38.84,45.75
2019-12-03,41.16,36.75
2019-12-04,54.84,36.5
2019-12-05,54.84,36.5
2019-12-06,50.84,37.25
2019-12-07,37.16,44.25
2019-12-08,40.56,44.25
2019-12-09,46.84,46.5
2019-12-10,45.72,45.5
2019-12-11,32,44
2019-12-12,30.84,44.5
2019-12-13,28,42.75
2019-12-14,25.16,44.5
2019-12-15,31.44,44.25
2019-12-16,30.84,45.25
2019-12-17,29.72,46.25
2019-12-18,41.16,45.25
2019-12-19,31.44,44.5
2019-12-20,36,41.75
2019-12-21,27.44,40.75
2019-12-22,37.72,44.5
2019-12-23,32.56,43.25
2019-12-24,32,41.5
2019-12-25,31.44,41.25
2019-12-26,37.16,39.25
2019-12-27,34.84,41.25
2019-12-28,34.28,46.5
2019-12-29,29.16,49
2019-12-30,35.44,38
2019-12-31,28.56,53
2020-01-01,32,142
2020-01-02,37.72,137
2020-01-03,32.56,136
2020-01-04,24.56,152
2020-01-05,31.44,137
2020-01-06,33.16,132
2020-01-07,37.16,155
2020-01-08,36.56,138
2020-01-09,37.16,140
2020-01-10,38.28,142
2020-01-11,89.16,135
2020-01-12,86.28,137
2020-01-13,85.72,147
2020-01-14,94.84,144
2020-01-15,86.28,146
2020-01-16,83.44,126
2020-01-17,96.56,128
2020-01-18,86.84,138
2020-01-19,88,142
2020-01-20,89.16,141
2020-01-21,85.16,149
2020-01-22,86.28,142
2020-01-23,92,132
2020-01-24,90.28,137
2020-01-25,91.44,133
2020-01-26,80,145
2020-01-27,81.16,130
2020-01-28,86.84,150
2020-01-29,89.16,142
2020-01-30,88.56,118
2020-01-31,93.16,137
2020-02-01,133.74,206.6
2020-02-02,129.42,208
2020-02-03,128.58,207
2020-02-04,142.26,208.4
2020-02-05,129.42,210
2020-02-06,125.16,206.2
2020-02-07,144.84,205.8
2020-02-08,130.26,210
2020-02-09,132,209.6
2020-02-10,133.74,209.4
2020-02-11,127.74,209.8
2020-02-12,129.42,210.2
2020-02-13,138,206.8
2020-02-14,135.42,207.6
2020-02-15,137.16,208.2
2020-02-16,120,208.2
2020-02-17,121.74,210.4
2020-02-18,130.26,210.4
2020-02-19,133.74,209.4
2020-02-20,132.84,206.2
2020-02-21,139.74,209.2
2020-02-22,133.74,209.6
2020-02-23,129.42,208.6
2020-02-24,128.58,208.8
2020-02-25,142.26,208.4
2020-02-26,129.42,210.8
2020-02-27,125.16,205.4
2020-02-28,144.84,207.6
2020-02-29,130.26,210.4
2020-03-01,132,410.8
2020-03-02,133.74,410.2
2020-03-03,127.74,410.4
2020-03-04,129.42,411.2
2020-03-05,138,408.6
2020-03-06,135.42,410.6
2020-03-07,137.16,411.4
2020-03-08,180,409
2020-03-09,182.61,409.2
2020-03-10,195.39,409.4
2020-03-11,200.61,413.6
2020-03-12,199.26,406.6
2020-03-13,209.61,410.6
2020-03-14,200.61,410.2
2020-03-15,194.13,409.8
2020-03-16,192.87,411.6
2020-03-17,213.39,411
2020-03-18,194.13,410.6
2020-03-19,187.74,408.2
2020-03-20,217.26,410
2020-03-21,195.39,410.4
2020-03-22,198,409
2020-03-23,200.61,409.6
2020-03-24,191.61,411
2020-03-25,194.13,410.4
2020-03-26,207,407.8
2020-03-27,203.13,407.8
2020-03-28,205.74,407.6
2020-03-29,180,411
2020-03-30,182.61,409.6
2020-03-31,195.39,414.8
2020-04-01,200.61,416
2020-04-02,199.26,410.8
2020-04-03,209.61,411.4
2020-04-04,200.61,413.2
2020-04-05,194.13,413.8
2020-04-06,192.87,410.2
2020-04-07,213.39,413.8
2020-04-08,194.13,414.2
2020-04-09,187.74,409.2
2020-04-10,217.26,411
2020-04-11,195.39,413.2
2020-04-12,198,411.8
2020-04-13,200.61,412.2
2020-04-14,191.61,413.6
2020-04-15,194.13,414.4
2020-04-16,207,410.2
2020-04-17,203.13,410.4
2020-04-18,205.74,411
2020-04-19,180,411.6
2020-04-20,182.61,411.4
2020-04-21,195.39,414.6
2020-04-22,200.61,415.2
2020-04-23,199.26,407.4
2020-04-24,209.61,410.4
2020-04-25,200.61,410.2
2020-04-26,194.13,410.2
2020-04-27,192.87,411.2
2020-04-28,213.39,413.2
2020-04-29,194.13,415