trend-index,day_of_month,day_of_year,week_of_year,year,is_wknd,is_month_start,is_month_end,month_1,month_2,month_3,month_4,month_5,month_6,month_7,month_8,month_9,month_10,month_11,month_12
25.72,1,1,1,2015,0,1,0,1,0,0,0,0,0,0,0,0,0,0,0
24.56,2,2,1,2015,1,0,0,1,0,0,0,0,0,0,0,0,0,0,0
25.16,3,3,1,2015,1,0,0,1,0,0,0,0,0,0,0,0,0,0,0
23.44,4,4,1,2015,1,0,0,1,0,0,0,0,0,0,0,0,0,0,0
29.16,5,5,2,2015,0,0,0,1,0,0,0,0,0,0,0,0,0,0,0
29.16,6,6,2,2015,0,0,0,1,0,0,0,0,0,0,0,0,0,0,0
21.72,7,7,2,2015,0,0,0,1,0,0,0,0,0,0,0,0,0,0,0
24.56,8,8,2,2015,0,0,0,1,0,0,0,0,0,0,0,0,0,0,0
24.0,9,9,2,2015,1,0,0,1,0,0,0,0,0,0,0,0,0,0,0
28.0,10,10,2,2015,1,0,0,1,0,0,0,0,0,0,0,0,0,0,0
25.72,11,11,2,2015,1,0,0,1,0,0,0,0,0,0,0,0,0,0,0
24.56,12,12,3,2015,0,0,0,1,0,0,0,0,0,0,0,0,0,0,0
25.16,13,13,3,2015,0,0,0,1,0,0,0,0,0,0,0,0,0,0,0
23.44,14,14,3,2015,0,0,0,1,0,0,0,0,0,0,0,0,0,0,0
29.16,15,15,3,2015,0,0,0,1,0,0,0,0,0,0,0,0,0,0,0
29.16,16,16,3,2015,1,0,0,1,0,0,0,0,0,0,0,0,0,0,0
21.72,17,17,3,2015,1,0,0,1,0,0,0,0,0,0,0,0,0,0,0
24.56,18,18,3,2015,1,0,0,1,0,0,0,0,0,0,0,0,0,0,0
24.0,19,19,4,2015,0,0,0,1,0,0,0,0,0,0,0,0,0,0,0
25.16,20,20,4,2015,0,0,0,1,0,0,0,0,0,0,0,0,0,0,0
18.84,21,21,4,2015,0,0,0,1,0,0,0,0,0,0,0,0,0,0,0
27.44,22,22,4,2015,0,0,0,1,0,0,0,0,0,0,0,0,0,0,0
31.44,23,23,4,2015,1,0,0,1,0,0,0,0,0,0,0,0,0,0,0
21.16,24,24,4,2015,1,0,0,1,0,0,0,0,0,0,0,0,0,0,0
20.56,25,25,4,2015,1,0,0,1,0,0,0,0,0,0,0,0,0,0,0
21.72,26,26,5,2015,0,0,0,1,0,0,0,0,0,0,0,0,0,0,0
25.72,27,27,5,2015,0,0,0,1,0,0,0,0,0,0,0,0,0,0,0
23.44,28,28,5,2015,0,0,0,1,0,0,0,0,0,0,0,0,0,0,0
22.84,29,29,5,2015,0,0,0,1,0,0,0,0,0,0,0,0,0,0,0
28.56,30,30,5,2015,1,0,0,1,0,0,0,0,0,0,0,0,0,0,0
23.44,31,31,5,2015,1,0,1,1,0,0,0,0,0,0,0,0,0,0,0
21.72,1,32,5,2015,1,1,0,0,1,0,0,0,0,0,0,0,0,0,0
21.72,2,33,6,2015,0,0,0,0,1,0,0,0,0,0,0,0,0,0,0
24.56,3,34,6,2015,0,0,0,0,1,0,0,0,0,0,0,0,0,0,0
20.0,4,35,6,2015,0,0,0,0,1,0,0,0,0,0,0,0,0,0,0
30.84,5,36,6,2015,0,0,0,0,1,0,0,0,0,0,0,0,0,0,0
29.72,6,37,6,2015,1,0,0,0,1,0,0,0,0,0,0,0,0,0,0
18.84,7,38,6,2015,1,0,0,0,1,0,0,0,0,0,0,0,0,0,0
24.56,8,39,6,2015,1,0,0,0,1,0,0,0,0,0,0,0,0,0,0
21.16,9,40,7,2015,0,0,0,0,1,0,0,0,0,0,0,0,0,0,0
21.72,10,41,7,2015,0,0,0,0,1,0,0,0,0,0,0,0,0,0,0
25.72,11,42,7,2015,0,0,0,0,1,0,0,0,0,0,0,0,0,0,0
29.16,12,43,7,2015,0,0,0,0,1,0,0,0,0,0,0,0,0,0,0
32.0,13,44,7,2015,1,0,0,0,1,0,0,0,0,0,0,0,0,0,0
20.56,14,45,7,2015,1,0,0,0,1,0,0,0,0,0,0,0,0,0,0
22.84,15,46,7,2015,1,0,0,0,1,0,0,0,0,0,0,0,0,0,0
25.16,16,47,8,2015,0,0,0,0,1,0,0,0,0,0,0,0,0,0,0
26.28,17,48,8,2015,0,0,0,0,1,0,0,0,0,0,0,0,0,0,0
26.28,18,49,8,2015,0,0,0,0,1,0,0,0,0,0,0,0,0,0,0
25.72,19,50,8,2015,0,0,0,0,1,0,0,0,0,0,0,0,0,0,0
28.56,20,51,8,2015,1,0,0,0,1,0,0,0,0,0,0,0,0,0,0
20.56,21,52,8,2015,1,0,0,0,1,0,0,0,0,0,0,0,0,0,0
20.56,22,53,8,2015,1,0,0,0,1,0,0,0,0,0,0,0,0,0,0
21.16,23,54,9,2015,0,0,0,0,1,0,0,0,0,0,0,0,0,0,0
26.84,24,55,9,2015,0,0,0,0,1,0,0,0,0,0,0,0,0,0,0
23.44,25,56,9,2015,0,0,0,0,1,0,0,0,0,0,0,0,0,0,0
22.28,26,57,9,2015,0,0,0,0,1,0,0,0,0,0,0,0,0,0,0
30.28,27,58,9,2015,1,0,0,0,1,0,0,0,0,0,0,0,0,0,0
23.44,28,59,9,2015,1,0,1,0,1,0,0,0,0,0,0,0,0,0,0
29.72,1,60,9,2015,1,1,0,0,0,1,0,0,0,0,0,0,0,0,0
20.56,2,61,10,2015,0,0,0,0,0,1,0,0,0,0,0,0,0,0,0
26.28,3,62,10,2015,0,0,0,0,0,1,0,0,0,0,0,0,0,0,0
22.28,4,63,10,2015,0,0,0,0,0,1,0,0,0,0,0,0,0,0,0
29.16,5,64,10,2015,0,0,0,0,0,1,0,0,0,0,0,0,0,0,0
32.0,6,65,10,2015,1,0,0,0,0,1,0,0,0,0,0,0,0,0,0
25.72,7,66,10,2015,1,0,0,0,0,1,0,0,0,0,0,0,0,0,0
24.56,8,67,10,2015,1,0,0,0,0,1,0,0,0,0,0,0,0,0,0
21.72,9,68,11,2015,0,0,0,0,0,1,0,0,0,0,0,0,0,0,0
23.44,10,69,11,2015,0,0,0,0,0,1,0,0,0,0,0,0,0,0,0
34.84,11,70,11,2015,0,0,0,0,0,1,0,0,0,0,0,0,0,0,0
28.56,12,71,11,2015,0,0,0,0,0,1,0,0,0,0,0,0,0,0,0
29.72,13,72,11,2015,1,0,0,0,0,1,0,0,0,0,0,0,0,0,0
28.0,14,73,11,2015,1,0,0,0,0,1,0,0,0,0,0,0,0,0,0
33.72,15,74,11,2015,1,0,0,0,0,1,0,0,0,0,0,0,0,0,0
22.84,16,75,12,2015,0,0,0,0,0,1,0,0,0,0,0,0,0,0,0
28.0,17,76,12,2015,0,0,0,0,0,1,0,0,0,0,0,0,0,0,0
36.56,18,77,12,2015,0,0,0,0,0,1,0,0,0,0,0,0,0,0,0
27.44,19,78,12,2015,0,0,0,0,0,1,0,0,0,0,0,0,0,0,0
36.0,20,79,12,2015,1,0,0,0,0,1,0,0,0,0,0,0,0,0,0
21.16,21,80,12,2015,1,0,0,0,0,1,0,0,0,0,0,0,0,0,0
24.56,22,81,12,2015,1,0,0,0,0,1,0,0,0,0,0,0,0,0,0
29.72,23,82,13,2015,0,0,0,0,0,1,0,0,0,0,0,0,0,0,0
32.56,24,83,13,2015,0,0,0,0,0,1,0,0,0,0,0,0,0,0,0
36.56,25,84,13,2015,0,0,0,0,0,1,0,0,0,0,0,0,0,0,0
28.0,26,85,13,2015,0,0,0,0,0,1,0,0,0,0,0,0,0,0,0
29.16,27,86,13,2015,1,0,0,0,0,1,0,0,0,0,0,0,0,0,0
24.0,28,87,13,2015,1,0,0,0,0,1,0,0,0,0,0,0,0,0,0
27.44,29,88,13,2015,1,0,0,0,0,1,0,0,0,0,0,0,0,0,0
26.28,30,89,14,2015,0,0,0,0,0,1,0,0,0,0,0,0,0,0,0
29.16,31,90,14,2015,0,0,1,0,0,1,0,0,0,0,0,0,0,0,0
29.72,1,91,14,2015,0,1,0,0,0,0,1,0,0,0,0,0,0,0,0
26.84,2,92,14,2015,0,0,0,0,0,0,1,0,0,0,0,0,0,0,0
31.44,3,93,14,2015,1,0,0,0,0,0,1,0,0,0,0,0,0,0,0
24.56,4,94,14,2015,1,0,0,0,0,0,1,0,0,0,0,0,0,0,0
26.84,5,95,14,2015,1,0,0,0,0,0,1,0,0,0,0,0,0,0,0
24.0,6,96,15,2015,0,0,0,0,0,0,1,0,0,0,0,0,0,0,0
28.56,7,97,15,2015,0,0,0,0,0,0,1,0,0,0,0,0,0,0,0
28.0,8,98,15,2015,0,0,0,0,0,0,1,0,0,0,0,0,0,0,0
30.28,9,99,15,2015,0,0,0,0,0,0,1,0,0,0,0,0,0,0,0
30.84,10,100,15,2015,1,0,0,0,0,0,1,0,0,0,0,0,0,0,0
24.0,11,101,15,2015,1,0,0,0,0,0,1,0,0,0,0,0,0,0,0
33.16,12,102,15,2015,1,0,0,0,0,0,1,0,0,0,0,0,0,0,0
26.84,13,103,16,2015,0,0,0,0,0,0,1,0,0,0,0,0,0,0,0
26.28,14,104,16,2015,0,0,0,0,0,0,1,0,0,0,0,0,0,0,0
34.84,15,105,16,2015,0,0,0,0,0,0,1,0,0,0,0,0,0,0,0
36.0,16,106,16,2015,0,0,0,0,0,0,1,0,0,0,0,0,0,0,0
45.16,17,107,16,2015,1,0,0,0,0,0,1,0,0,0,0,0,0,0,0
28.56,18,108,16,2015,1,0,0,0,0,0,1,0,0,0,0,0,0,0,0
29.16,19,109,16,2015,1,0,0,0,0,0,1,0,0,0,0,0,0,0,0
36.0,20,110,17,2015,0,0,0,0,0,0,1,0,0,0,0,0,0,0,0
30.28,21,111,17,2015,0,0,0,0,0,0,1,0,0,0,0,0,0,0,0
36.0,22,112,17,2015,0,0,0,0,0,0,1,0,0,0,0,0,0,0,0
37.16,23,113,17,2015,0,0,0,0,0,0,1,0,0,0,0,0,0,0,0
38.84,24,114,17,2015,1,0,0,0,0,0,1,0,0,0,0,0,0,0,0
22.28,25,115,17,2015,1,0,0,0,0,0,1,0,0,0,0,0,0,0,0
32.56,26,116,17,2015,1,0,0,0,0,0,1,0,0,0,0,0,0,0,0
31.44,27,117,18,2015,0,0,0,0,0,0,1,0,0,0,0,0,0,0,0
32.0,28,118,18,2015,0,0,0,0,0,0,1,0,0,0,0,0,0,0,0
32.0,29,119,18,2015,0,0,0,0,0,0,1,0,0,0,0,0,0,0,0
34.28,30,120,18,2015,0,0,1,0,0,0,1,0,0,0,0,0,0,0,0
35.44,1,121,18,2015,1,1,0,0,0,0,0,1,0,0,0,0,0,0,0
31.44,2,122,18,2015,1,0,0,0,0,0,0,1,0,0,0,0,0,0,0
31.44,3,123,18,2015,1,0,0,0,0,0,0,1,0,0,0,0,0,0,0
33.72,4,124,19,2015,0,0,0,0,0,0,0,1,0,0,0,0,0,0,0
38.84,5,125,19,2015,0,0,0,0,0,0,0,1,0,0,0,0,0,0,0
36.0,6,126,19,2015,0,0,0,0,0,0,0,1,0,0,0,0,0,0,0
32.56,7,127,19,2015,0,0,0,0,0,0,0,1,0,0,0,0,0,0,0
34.84,8,128,19,2015,1,0,0,0,0,0,0,1,0,0,0,0,0,0,0
26.28,9,129,19,2015,1,0,0,0,0,0,0,1,0,0,0,0,0,0,0
28.56,10,130,19,2015,1,0,0,0,0,0,0,1,0,0,0,0,0,0,0
33.16,11,131,20,2015,0,0,0,0,0,0,0,1,0,0,0,0,0,0,0
33.16,12,132,20,2015,0,0,0,0,0,0,0,1,0,0,0,0,0,0,0
35.44,13,133,20,2015,0,0,0,0,0,0,0,1,0,0,0,0,0,0,0
45.72,14,134,20,2015,0,0,0,0,0,0,0,1,0,0,0,0,0,0,0
37.16,15,135,20,2015,1,0,0,0,0,0,0,1,0,0,0,0,0,0,0
29.16,16,136,20,2015,1,0,0,0,0,0,0,1,0,0,0,0,0,0,0
38.28,17,137,20,2015,1,0,0,0,0,0,0,1,0,0,0,0,0,0,0
31.44,18,138,21,2015,0,0,0,0,0,0,0,1,0,0,0,0,0,0,0
36.56,19,139,21,2015,0,0,0,0,0,0,0,1,0,0,0,0,0,0,0
36.56,20,140,21,2015,0,0,0,0,0,0,0,1,0,0,0,0,0,0,0
43.44,21,141,21,2015,0,0,0,0,0,0,0,1,0,0,0,0,0,0,0
34.28,22,142,21,2015,1,0,0,0,0,0,0,1,0,0,0,0,0,0,0
20.0,23,143,21,2015,1,0,0,0,0,0,0,1,0,0,0,0,0,0,0
26.28,24,144,21,2015,1,0,0,0,0,0,0,1,0,0,0,0,0,0,0
32.56,25,145,22,2015,0,0,0,0,0,0,0,1,0,0,0,0,0,0,0
28.0,26,146,22,2015,0,0,0,0,0,0,0,1,0,0,0,0,0,0,0
36.56,27,147,22,2015,0,0,0,0,0,0,0,1,0,0,0,0,0,0,0
41.16,28,148,22,2015,0,0,0,0,0,0,0,1,0,0,0,0,0,0,0
38.28,29,149,22,2015,1,0,0,0,0,0,0,1,0,0,0,0,0,0,0
26.28,30,150,22,2015,1,0,0,0,0,0,0,1,0,0,0,0,0,0,0
30.28,31,151,22,2015,1,0,1,0,0,0,0,1,0,0,0,0,0,0,0
29.16,1,152,23,2015,0,1,0,0,0,0,0,0,1,0,0,0,0,0,0
35.44,2,153,23,2015,0,0,0,0,0,0,0,0,1,0,0,0,0,0,0
38.84,3,154,23,2015,0,0,0,0,0,0,0,0,1,0,0,0,0,0,0
40.56,4,155,23,2015,0,0,0,0,0,0,0,0,1,0,0,0,0,0,0
43.44,5,156,23,2015,1,0,0,0,0,0,0,0,1,0,0,0,0,0,0
31.44,6,157,23,2015,1,0,0,0,0,0,0,0,1,0,0,0,0,0,0
37.72,7,158,23,2015,1,0,0,0,0,0,0,0,1,0,0,0,0,0,0
29.72,8,159,24,2015,0,0,0,0,0,0,0,0,1,0,0,0,0,0,0
39.44,9,160,24,2015,0,0,0,0,0,0,0,0,1,0,0,0,0,0,0
42.84,10,161,24,2015,0,0,0,0,0,0,0,0,1,0,0,0,0,0,0
38.28,11,162,24,2015,0,0,0,0,0,0,0,0,1,0,0,0,0,0,0
48.56,12,163,24,2015,1,0,0,0,0,0,0,0,1,0,0,0,0,0,0
29.72,13,164,24,2015,1,0,0,0,0,0,0,0,1,0,0,0,0,0,0
34.84,14,165,24,2015,1,0,0,0,0,0,0,0,1,0,0,0,0,0,0
34.28,15,166,25,2015,0,0,0,0,0,0,0,0,1,0,0,0,0,0,0
42.28,16,167,25,2015,0,0,0,0,0,0,0,0,1,0,0,0,0,0,0
40.56,17,168,25,2015,0,0,0,0,0,0,0,0,1,0,0,0,0,0,0
43.44,18,169,25,2015,0,0,0,0,0,0,0,0,1,0,0,0,0,0,0
46.28,19,170,25,2015,1,0,0,0,0,0,0,0,1,0,0,0,0,0,0
24.0,20,171,25,2015,1,0,0,0,0,0,0,0,1,0,0,0,0,0,0
37.16,21,172,25,2015,1,0,0,0,0,0,0,0,1,0,0,0,0,0,0
32.0,22,173,26,2015,0,0,0,0,0,0,0,0,1,0,0,0,0,0,0
45.72,23,174,26,2015,0,0,0,0,0,0,0,0,1,0,0,0,0,0,0
36.0,24,175,26,2015,0,0,0,0,0,0,0,0,1,0,0,0,0,0,0
45.16,25,176,26,2015,0,0,0,0,0,0,0,0,1,0,0,0,0,0,0
44.0,26,177,26,2015,1,0,0,0,0,0,0,0,1,0,0,0,0,0,0
30.84,27,178,26,2015,1,0,0,0,0,0,0,0,1,0,0,0,0,0,0
34.28,28,179,26,2015,1,0,0,0,0,0,0,0,1,0,0,0,0,0,0
34.28,29,180,27,2015,0,0,0,0,0,0,0,0,1,0,0,0,0,0,0
32.0,30,181,27,2015,0,0,1,0,0,0,0,0,1,0,0,0,0,0,0
42.84,1,182,27,2015,0,1,0,0,0,0,0,0,0,1,0,0,0,0,0
50.28,2,183,27,2015,0,0,0,0,0,0,0,0,0,1,0,0,0,0,0
50.84,3,184,27,2015,1,0,0,0,0,0,0,0,0,1,0,0,0,0,0
36.56,4,185,27,2015,1,0,0,0,0,0,0,0,0,1,0,0,0,0,0
38.28,5,186,27,2015,1,0,0,0,0,0,0,0,0,1,0,0,0,0,0
42.28,6,187,28,2015,0,0,0,0,0,0,0,0,0,1,0,0,0,0,0
36.56,7,188,28,2015,0,0,0,0,0,0,0,0,0,1,0,0,0,0,0
36.56,8,189,28,2015,0,0,0,0,0,0,0,0,0,1,0,0,0,0,0
39.44,9,190,28,2015,0,0,0,0,0,0,0,0,0,1,0,0,0,0,0
45.16,10,191,28,2015,1,0,0,0,0,0,0,0,0,1,0,0,0,0,0
38.28,11,192,28,2015,1,0,0,0,0,0,0,0,0,1,0,0,0,0,0
40.0,12,193,28,2015,1,0,0,0,0,0,0,0,0,1,0,0,0,0,0
32.0,13,194,29,2015,0,0,0,0,0,0,0,0,0,1,0,0,0,0,0
34.28,14,195,29,2015,0,0,0,0,0,0,0,0,0,1,0,0,0,0,0
45.72,15,196,29,2015,0,0,0,0,0,0,0,0,0,1,0,0,0,0,0
38.28,16,197,29,2015,0,0,0,0,0,0,0,0,0,1,0,0,0,0,0
41.16,17,198,29,2015,1,0,0,0,0,0,0,0,0,1,0,0,0,0,0
24.56,18,199,29,2015,1,0,0,0,0,0,0,0,0,1,0,0,0,0,0
37.72,19,200,29,2015,1,0,0,0,0,0,0,0,0,1,0,0,0,0,0
33.16,20,201,30,2015,0,0,0,0,0,0,0,0,0,1,0,0,0,0,0
40.56,21,202,30,2015,0,0,0,0,0,0,0,0,0,1,0,0,0,0,0
40.0,22,203,30,2015,0,0,0,0,0,0,0,0,0,1,0,0,0,0,0
38.84,23,204,30,2015,0,0,0,0,0,0,0,0,0,1,0,0,0,0,0
34.28,24,205,30,2015,1,0,0,0,0,0,0,0,0,1,0,0,0,0,0
33.72,25,206,30,2015,1,0,0,0,0,0,0,0,0,1,0,0,0,0,0
34.84,26,207,30,2015,1,0,0,0,0,0,0,0,0,1,0,0,0,0,0
32.0,27,208,31,2015,0,0,0,0,0,0,0,0,0,1,0,0,0,0,0
36.0,28,209,31,2015,0,0,0,0,0,0,0,0,0,1,0,0,0,0,0
40.0,29,210,31,2015,0,0,0,0,0,0,0,0,0,1,0,0,0,0,0
37.72,30,211,31,2015,0,0,0,0,0,0,0,0,0,1,0,0,0,0,0
46.84,31,212,31,2015,1,0,1,0,0,0,0,0,0,1,0,0,0,0,0
35.44,1,213,31,2015,1,1,0,0,0,0,0,0,0,0,1,0,0,0,0
31.44,2,214,31,2015,1,0,0,0,0,0,0,0,0,0,1,0,0,0,0
32.0,3,215,32,2015,0,0,0,0,0,0,0,0,0,0,1,0,0,0,0
37.16,4,216,32,2015,0,0,0,0,0,0,0,0,0,0,1,0,0,0,0
41.72,5,217,32,2015,0,0,0,0,0,0,0,0,0,0,1,0,0,0,0
48.0,6,218,32,2015,0,0,0,0,0,0,0,0,0,0,1,0,0,0,0
38.28,7,219,32,2015,1,0,0,0,0,0,0,0,0,0,1,0,0,0,0
32.0,8,220,32,2015,1,0,0,0,0,0,0,0,0,0,1,0,0,0,0
37.16,9,221,32,2015,1,0,0,0,0,0,0,0,0,0,1,0,0,0,0
34.84,10,222,33,2015,0,0,0,0,0,0,0,0,0,0,1,0,0,0,0
32.0,11,223,33,2015,0,0,0,0,0,0,0,0,0,0,1,0,0,0,0
40.0,12,224,33,2015,0,0,0,0,0,0,0,0,0,0,1,0,0,0,0
38.28,13,225,33,2015,0,0,0,0,0,0,0,0,0,0,1,0,0,0,0
33.72,14,226,33,2015,1,0,0,0,0,0,0,0,0,0,1,0,0,0,0
26.28,15,227,33,2015,1,0,0,0,0,0,0,0,0,0,1,0,0,0,0
30.84,16,228,33,2015,1,0,0,0,0,0,0,0,0,0,1,0,0,0,0
34.28,17,229,34,2015,0,0,0,0,0,0,0,0,0,0,1,0,0,0,0
29.72,18,230,34,2015,0,0,0,0,0,0,0,0,0,0,1,0,0,0,0
34.28,19,231,34,2015,0,0,0,0,0,0,0,0,0,0,1,0,0,0,0
41.16,20,232,34,2015,0,0,0,0,0,0,0,0,0,0,1,0,0,0,0
35.44,21,233,34,2015,1,0,0,0,0,0,0,0,0,0,1,0,0,0,0
30.84,22,234,34,2015,1,0,0,0,0,0,0,0,0,0,1,0,0,0,0
37.16,23,235,34,2015,1,0,0,0,0,0,0,0,0,0,1,0,0,0,0
34.84,24,236,35,2015,0,0,0,0,0,0,0,0,0,0,1,0,0,0,0
41.16,25,237,35,2015,0,0,0,0,0,0,0,0,0,0,1,0,0,0,0
33.16,26,238,35,2015,0,0,0,0,0,0,0,0,0,0,1,0,0,0,0
36.56,27,239,35,2015,0,0,0,0,0,0,0,0,0,0,1,0,0,0,0
34.84,28,240,35,2015,1,0,0,0,0,0,0,0,0,0,1,0,0,0,0
27.44,29,241,35,2015,1,0,0,0,0,0,0,0,0,0,1,0,0,0,0
34.84,30,242,35,2015,1,0,0,0,0,0,0,0,0,0,1,0,0,0,0
33.72,31,243,36,2015,0,0,1,0,0,0,0,0,0,0,1,0,0,0,0
35.44,1,244,36,2015,0,1,0,0,0,0,0,0,0,0,0,1,0,0,0
34.84,2,245,36,2015,0,0,0,0,0,0,0,0,0,0,0,1,0,0,0
35.44,3,246,36,2015,0,0,0,0,0,0,0,0,0,0,0,1,0,0,0
34.28,4,247,36,2015,1,0,0,0,0,0,0,0,0,0,0,1,0,0,0
29.16,5,248,36,2015,1,0,0,0,0,0,0,0,0,0,0,1,0,0,0
30.84,6,249,36,2015,1,0,0,0,0,0,0,0,0,0,0,1,0,0,0
30.28,7,250,37,2015,0,0,0,0,0,0,0,0,0,0,0,1,0,0,0
35.44,8,251,37,2015,0,0,0,0,0,0,0,0,0,0,0,1,0,0,0
43.44,9,252,37,2015,0,0,0,0,0,0,0,0,0,0,0,1,0,0,0
37.16,10,253,37,2015,0,0,0,0,0,0,0,0,0,0,0,1,0,0,0
38.84,11,254,37,2015,1,0,0,0,0,0,0,0,0,0,0,1,0,0,0
29.16,12,255,37,2015,1,0,0,0,0,0,0,0,0,0,0,1,0,0,0
33.16,13,256,37,2015,1,0,0,0,0,0,0,0,0,0,0,1,0,0,0
33.16,14,257,38,2015,0,0,0,0,0,0,0,0,0,0,0,1,0,0,0
36.0,15,258,38,2015,0,0,0,0,0,0,0,0,0,0,0,1,0,0,0
42.28,16,259,38,2015,0,0,0,0,0,0,0,0,0,0,0,1,0,0,0
33.72,17,260,38,2015,0,0,0,0,0,0,0,0,0,0,0,1,0,0,0
43.44,18,261,38,2015,1,0,0,0,0,0,0,0,0,0,0,1,0,0,0
28.0,19,262,38,2015,1,0,0,0,0,0,0,0,0,0,0,1,0,0,0
30.28,20,263,38,2015,1,0,0,0,0,0,0,0,0,0,0,1,0,0,0
37.16,21,264,39,2015,0,0,0,0,0,0,0,0,0,0,0,1,0,0,0
28.56,22,265,39,2015,0,0,0,0,0,0,0,0,0,0,0,1,0,0,0
31.44,23,266,39,2015,0,0,0,0,0,0,0,0,0,0,0,1,0,0,0
42.28,24,267,39,2015,0,0,0,0,0,0,0,0,0,0,0,1,0,0,0
42.28,25,268,39,2015,1,0,0,0,0,0,0,0,0,0,0,1,0,0,0
26.84,26,269,39,2015,1,0,0,0,0,0,0,0,0,0,0,1,0,0,0
26.84,27,270,39,2015,1,0,0,0,0,0,0,0,0,0,0,1,0,0,0
31.44,28,271,40,2015,0,0,0,0,0,0,0,0,0,0,0,1,0,0,0
28.0,29,272,40,2015,0,0,0,0,0,0,0,0,0,0,0,1,0,0,0
34.84,30,273,40,2015,0,0,1,0,0,0,0,0,0,0,0,1,0,0,0
45.16,1,274,40,2015,0,1,0,0,0,0,0,0,0,0,0,0,1,0,0
44.56,2,275,40,2015,1,0,0,0,0,0,0,0,0,0,0,0,1,0,0
29.16,3,276,40,2015,1,0,0,0,0,0,0,0,0,0,0,0,1,0,0
42.28,4,277,40,2015,1,0,0,0,0,0,0,0,0,0,0,0,1,0,0
26.28,5,278,41,2015,0,0,0,0,0,0,0,0,0,0,0,0,1,0,0
30.84,6,279,41,2015,0,0,0,0,0,0,0,0,0,0,0,0,1,0,0
31.44,7,280,41,2015,0,0,0,0,0,0,0,0,0,0,0,0,1,0,0
35.44,8,281,41,2015,0,0,0,0,0,0,0,0,0,0,0,0,1,0,0
36.56,9,282,41,2015,1,0,0,0,0,0,0,0,0,0,0,0,1,0,0
32.0,10,283,41,2015,1,0,0,0,0,0,0,0,0,0,0,0,1,0,0
32.56,11,284,41,2015,1,0,0,0,0,0,0,0,0,0,0,0,1,0,0
28.0,12,285,42,2015,0,0,0,0,0,0,0,0,0,0,0,0,1,0,0
31.44,13,286,42,2015,0,0,0,0,0,0,0,0,0,0,0,0,1,0,0
30.84,14,287,42,2015,0,0,0,0,0,0,0,0,0,0,0,0,1,0,0
32.56,15,288,42,2015,0,0,0,0,0,0,0,0,0,0,0,0,1,0,0
36.56,16,289,42,2015,1,0,0,0,0,0,0,0,0,0,0,0,1,0,0
27.44,17,290,42,2015,1,0,0,0,0,0,0,0,0,0,0,0,1,0,0
36.56,18,291,42,2015,1,0,0,0,0,0,0,0,0,0,0,0,1,0,0
33.16,19,292,43,2015,0,0,0,0,0,0,0,0,0,0,0,0,1,0,0
36.0,20,293,43,2015,0,0,0,0,0,0,0,0,0,0,0,0,1,0,0
41.16,21,294,43,2015,0,0,0,0,0,0,0,0,0,0,0,0,1,0,0
39.44,22,295,43,2015,0,0,0,0,0,0,0,0,0,0,0,0,1,0,0
28.56,23,296,43,2015,1,0,0,0,0,0,0,0,0,0,0,0,1,0,0
24.56,24,297,43,2015,1,0,0,0,0,0,0,0,0,0,0,0,1,0,0
33.72,25,298,43,2015,1,0,0,0,0,0,0,0,0,0,0,0,1,0,0
34.28,26,299,44,2015,0,0,0,0,0,0,0,0,0,0,0,0,1,0,0
35.44,27,300,44,2015,0,0,0,0,0,0,0,0,0,0,0,0,1,0,0
27.44,28,301,44,2015,0,0,0,0,0,0,0,0,0,0,0,0,1,0,0
44.56,29,302,44,2015,0,0,0,0,0,0,0,0,0,0,0,0,1,0,0
37.72,30,303,44,2015,1,0,0,0,0,0,0,0,0,0,0,0,1,0,0
20.56,31,304,44,2015,1,0,1,0,0,0,0,0,0,0,0,0,1,0,0
26.84,1,305,44,2015,1,1,0,0,0,0,0,0,0,0,0,0,0,1,0
23.44,2,306,45,2015,0,0,0,0,0,0,0,0,0,0,0,0,0,1,0
27.44,3,307,45,2015,0,0,0,0,0,0,0,0,0,0,0,0,0,1,0
28.56,4,308,45,2015,0,0,0,0,0,0,0,0,0,0,0,0,0,1,0
37.72,5,309,45,2015,0,0,0,0,0,0,0,0,0,0,0,0,0,1,0
41.16,6,310,45,2015,1,0,0,0,0,0,0,0,0,0,0,0,0,1,0
28.0,7,311,45,2015,1,0,0,0,0,0,0,0,0,0,0,0,0,1,0
29.16,8,312,45,2015,1,0,0,0,0,0,0,0,0,0,0,0,0,1,0
30.84,9,313,46,2015,0,0,0,0,0,0,0,0,0,0,0,0,0,1,0
26.84,10,314,46,2015,0,0,0,0,0,0,0,0,0,0,0,0,0,1,0
37.72,11,315,46,2015,0,0,0,0,0,0,0,0,0,0,0,0,0,1,0
33.72,12,316,46,2015,0,0,0,0,0,0,0,0,0,0,0,0,0,1,0
42.84,13,317,46,2015,1,0,0,0,0,0,0,0,0,0,0,0,0,1,0
28.0,14,318,46,2015,1,0,0,0,0,0,0,0,0,0,0,0,0,1,0
31.44,15,319,46,2015,1,0,0,0,0,0,0,0,0,0,0,0,0,1,0
25.16,16,320,47,2015,0,0,0,0,0,0,0,0,0,0,0,0,0,1,0
36.0,17,321,47,2015,0,0,0,0,0,0,0,0,0,0,0,0,0,1,0
30.84,18,322,47,2015,0,0,0,0,0,0,0,0,0,0,0,0,0,1,0
42.84,19,323,47,2015,0,0,0,0,0,0,0,0,0,0,0,0,0,1,0
39.44,20,324,47,2015,1,0,0,0,0,0,0,0,0,0,0,0,0,1,0
31.44,21,325,47,2015,1,0,0,0,0,0,0,0,0,0,0,0,0,1,0
25.72,22,326,47,2015,1,0,0,0,0,0,0,0,0,0,0,0,0,1,0
33.16,23,327,48,2015,0,0,0,0,0,0,0,0,0,0,0,0,0,1,0
31.44,24,328,48,2015,0,0,0,0,0,0,0,0,0,0,0,0,0,1,0
38.84,25,329,48,2015,0,0,0,0,0,0,0,0,0,0,0,0,0,1,0
37.72,26,330,48,2015,0,0,0,0,0,0,0,0,0,0,0,0,0,1,0
37.16,27,331,48,2015,1,0,0,0,0,0,0,0,0,0,0,0,0,1,0
28.56,28,332,48,2015,1,0,0,0,0,0,0,0,0,0,0,0,0,1,0
34.84,29,333,48,2015,1,0,0,0,0,0,0,0,0,0,0,0,0,1,0
32.0,30,334,49,2015,0,0,1,0,0,0,0,0,0,0,0,0,0,1,0
33.16,1,335,49,2015,0,1,0,0,0,0,0,0,0,0,0,0,0,0,1
38.84,2,336,49,2015,0,0,0,0,0,0,0,0,0,0,0,0,0,0,1
33.16,3,337,49,2015,0,0,0,0,0,0,0,0,0,0,0,0,0,0,1
32.56,4,338,49,2015,1,0,0,0,0,0,0,0,0,0,0,0,0,0,1
28.56,5,339,49,2015,1,0,0,0,0,0,0,0,0,0,0,0,0,0,1
33.16,6,340,49,2015,1,0,0,0,0,0,0,0,0,0,0,0,0,0,1
29.16,7,341,50,2015,0,0,0,0,0,0,0,0,0,0,0,0,0,0,1
35.44,8,342,50,2015,0,0,0,0,0,0,0,0,0,0,0,0,0,0,1
32.56,9,343,50,2015,0,0,0,0,0,0,0,0,0,0,0,0,0,0,1
33.16,10,344,50,2015,0,0,0,0,0,0,0,0,0,0,0,0,0,0,1
29.16,11,345,50,2015,1,0,0,0,0,0,0,0,0,0,0,0,0,0,1
18.84,12,346,50,2015,1,0,0,0,0,0,0,0,0,0,0,0,0,0,1
21.16,13,347,50,2015,1,0,0,0,0,0,0,0,0,0,0,0,0,0,1
24.56,14,348,51,2015,0,0,0,0,0,0,0,0,0,0,0,0,0,0,1
25.72,15,349,51,2015,0,0,0,0,0,0,0,0,0,0,0,0,0,0,1
22.84,16,350,51,2015,0,0,0,0,0,0,0,0,0,0,0,0,0,0,1
28.0,17,351,51,2015,0,0,0,0,0,0,0,0,0,0,0,0,0,0,1
24.56,18,352,51,2015,1,0,0,0,0,0,0,0,0,0,0,0,0,0,1
21.16,19,353,51,2015,1,0,0,0,0,0,0,0,0,0,0,0,0,0,1
21.16,20,354,51,2015,1,0,0,0,0,0,0,0,0,0,0,0,0,0,1
25.16,21,355,52,2015,0,0,0,0,0,0,0,0,0,0,0,0,0,0,1
27.44,22,356,52,2015,0,0,0,0,0,0,0,0,0,0,0,0,0,0,1
29.16,23,357,52,2015,0,0,0,0,0,0,0,0,0,0,0,0,0,0,1
32.56,24,358,52,2015,0,0,0,0,0,0,0,0,0,0,0,0,0,0,1
26.28,25,359,52,2015,1,0,0,0,0,0,0,0,0,0,0,0,0,0,1
22.28,26,360,52,2015,1,0,0,0,0,0,0,0,0,0,0,0,0,0,1
19.44,27,361,52,2015,1,0,0,0,0,0,0,0,0,0,0,0,0,0,1
24.0,28,362,53,2015,0,0,0,0,0,0,0,0,0,0,0,0,0,0,1
27.44,29,363,53,2015,0,0,0,0,0,0,0,0,0,0,0,0,0,0,1
22.84,30,364,53,2015,0,0,0,0,0,0,0,0,0,0,0,0,0,0,1
29.72,31,365,53,2015,0,0,1,0,0,0,0,0,0,0,0,0,0,0,1
28.56,1,1,53,2016,1,1,0,1,0,0,0,0,0,0,0,0,0,0,0
21.16,2,2,53,2016,1,0,0,1,0,0,0,0,0,0,0,0,0,0,0
22.84,3,3,53,2016,1,0,0,1,0,0,0,0,0,0,0,0,0,0,0
22.84,4,4,1,2016,0,0,0,1,0,0,0,0,0,0,0,0,0,0,0
28.0,5,5,1,2016,0,0,0,1,0,0,0,0,0,0,0,0,0,0,0
25.72,6,6,1,2016,0,0,0,1,0,0,0,0,0,0,0,0,0,0,0
30.84,7,7,1,2016,0,0,0,1,0,0,0,0,0,0,0,0,0,0,0
26.84,8,8,1,2016,1,0,0,1,0,0,0,0,0,0,0,0,0,0,0
22.84,9,9,1,2016,1,0,0,1,0,0,0,0,0,0,0,0,0,0,0
20.56,10,10,1,2016,1,0,0,1,0,0,0,0,0,0,0,0,0,0,0
22.84,11,11,2,2016,0,0,0,1,0,0,0,0,0,0,0,0,0,0,0
25.72,12,12,2,2016,0,0,0,1,0,0,0,0,0,0,0,0,0,0,0
26.84,13,13,2,2016,0,0,0,1,0,0,0,0,0,0,0,0,0,0,0
38.28,14,14,2,2016,0,0,0,1,0,0,0,0,0,0,0,0,0,0,0
25.16,15,15,2,2016,1,0,0,1,0,0,0,0,0,0,0,0,0,0,0
25.16,16,16,2,2016,1,0,0,1,0,0,0,0,0,0,0,0,0,0,0
23.44,17,17,2,2016,1,0,0,1,0,0,0,0,0,0,0,0,0,0,0
21.72,18,18,3,2016,0,0,0,1,0,0,0,0,0,0,0,0,0,0,0
25.16,19,19,3,2016,0,0,0,1,0,0,0,0,0,0,0,0,0,0,0
28.56,20,20,3,2016,0,0,0,1,0,0,0,0,0,0,0,0,0,0,0
31.44,21,21,3,2016,0,0,0,1,0,0,0,0,0,0,0,0,0,0,0
29.16,22,22,3,2016,1,0,0,1,0,0,0,0,0,0,0,0,0,0,0
20.0,23,23,3,2016,1,0,0,1,0,0,0,0,0,0,0,0,0,0,0
26.28,24,24,3,2016,1,0,0,1,0,0,0,0,0,0,0,0,0,0,0
30.28,25,25,4,2016,0,0,0,1,0,0,0,0,0,0,0,0,0,0,0
23.44,26,26,4,2016,0,0,0,1,0,0,0,0,0,0,0,0,0,0,0
33.16,27,27,4,2016,0,0,0,1,0,0,0,0,0,0,0,0,0,0,0
28.56,28,28,4,2016,0,0,0,1,0,0,0,0,0,0,0,0,0,0,0
32.0,29,29,4,2016,1,0,0,1,0,0,0,0,0,0,0,0,0,0,0
23.44,30,30,4,2016,1,0,0,1,0,0,0,0,0,0,0,0,0,0,0
21.16,31,31,4,2016,1,0,1,1,0,0,0,0,0,0,0,0,0,0,0
27.44,1,32,5,2016,0,1,0,0,1,0,0,0,0,0,0,0,0,0,0
30.28,2,33,5,2016,0,0,0,0,1,0,0,0,0,0,0,0,0,0,0
28.0,3,34,5,2016,0,0,0,0,1,0,0,0,0,0,0,0,0,0,0
26.28,4,35,5,2016,0,0,0,0,1,0,0,0,0,0,0,0,0,0,0
34.28,5,36,5,2016,1,0,0,0,1,0,0,0,0,0,0,0,0,0,0
18.84,6,37,5,2016,1,0,0,0,1,0,0,0,0,0,0,0,0,0,0
30.28,7,38,5,2016,1,0,0,0,1,0,0,0,0,0,0,0,0,0,0
29.72,8,39,6,2016,0,0,0,0,1,0,0,0,0,0,0,0,0,0,0
27.44,9,40,6,2016,0,0,0,0,1,0,0,0,0,0,0,0,0,0,0
26.84,10,41,6,2016,0,0,0,0,1,0,0,0,0,0,0,0,0,0,0
33.72,11,42,6,2016,0,0,0,0,1,0,0,0,0,0,0,0,0,0,0
33.72,12,43,6,2016,1,0,0,0,1,0,0,0,0,0,0,0,0,0,0
26.28,13,44,6,2016,1,0,0,0,1,0,0,0,0,0,0,0,0,0,0
29.16,14,45,6,2016,1,0,0,0,1,0,0,0,0,0,0,0,0,0,0
33.16,15,46,7,2016,0,0,0,0,1,0,0,0,0,0,0,0,0,0,0
26.84,16,47,7,2016,0,0,0,0,1,0,0,0,0,0,0,0,0,0,0
26.84,17,48,7,2016,0,0,0,0,1,0,0,0,0,0,0,0,0,0,0
28.56,18,49,7,2016,0,0,0,0,1,0,0,0,0,0,0,0,0,0,0
29.72,19,50,7,2016,1,0,0,0,1,0,0,0,0,0,0,0,0,0,0
25.72,20,51,7,2016,1,0,0,0,1,0,0,0,0,0,0,0,0,0,0
26.84,21,52,7,2016,1,0,0,0,1,0,0,0,0,0,0,0,0,0,0
21.72,22,53,8,2016,0,0,0,0,1,0,0,0,0,0,0,0,0,0,0
24.56,23,54,8,2016,0,0,0,0,1,0,0,0,0,0,0,0,0,0,0
32.56,24,55,8,2016,0,0,0,0,1,0,0,0,0,0,0,0,0,0,0
28.56,25,56,8,2016,0,0,0,0,1,0,0,0,0,0,0,0,0,0,0
25.16,26,57,8,2016,1,0,0,0,1,0,0,0,0,0,0,0,0,0,0
20.56,27,58,8,2016,1,0,0,0,1,0,0,0,0,0,0,0,0,0,0
28.0,28,59,8,2016,1,0,0,0,1,0,0,0,0,0,0,0,0,0,0
30.28,29,60,9,2016,0,0,1,0,1,0,0,0,0,0,0,0,0,0,0
34.28,1,61,9,2016,0,1,0,0,0,1,0,0,0,0,0,0,0,0,0
34.28,2,62,9,2016,0,0,0,0,0,1,0,0,0,0,0,0,0,0,0
26.28,3,63,9,2016,0,0,0,0,0,1,0,0,0,0,0,0,0,0,0
34.28,4,64,9,2016,1,0,0,0,0,1,0,0,0,0,0,0,0,0,0
21.72,5,65,9,2016,1,0,0,0,0,1,0,0,0,0,0,0,0,0,0
24.0,6,66,9,2016,1,0,0,0,0,1,0,0,0,0,0,0,0,0,0
30.84,7,67,10,2016,0,0,0,0,0,1,0,0,0,0,0,0,0,0,0
30.84,8,68,10,2016,0,0,0,0,0,1,0,0,0,0,0,0,0,0,0
24.56,9,69,10,2016,0,0,0,0,0,1,0,0,0,0,0,0,0,0,0
35.44,10,70,10,2016,0,0,0,0,0,1,0,0,0,0,0,0,0,0,0
37.16,11,71,10,2016,1,0,0,0,0,1,0,0,0,0,0,0,0,0,0
29.72,12,72,10,2016,1,0,0,0,0,1,0,0,0,0,0,0,0,0,0
30.84,13,73,10,2016,1,0,0,0,0,1,0,0,0,0,0,0,0,0,0
37.16,14,74,11,2016,0,0,0,0,0,1,0,0,0,0,0,0,0,0,0
38.28,15,75,11,2016,0,0,0,0,0,1,0,0,0,0,0,0,0,0,0
33.72,16,76,11,2016,0,0,0,0,0,1,0,0,0,0,0,0,0,0,0
33.72,17,77,11,2016,0,0,0,0,0,1,0,0,0,0,0,0,0,0,0
32.56,18,78,11,2016,1,0,0,0,0,1,0,0,0,0,0,0,0,0,0
26.84,19,79,11,2016,1,0,0,0,0,1,0,0,0,0,0,0,0,0,0
32.0,20,80,11,2016,1,0,0,0,0,1,0,0,0,0,0,0,0,0,0
32.56,21,81,12,2016,0,0,0,0,0,1,0,0,0,0,0,0,0,0,0
36.56,22,82,12,2016,0,0,0,0,0,1,0,0,0,0,0,0,0,0,0
36.0,23,83,12,2016,0,0,0,0,0,1,0,0,0,0,0,0,0,0,0
35.44,24,84,12,2016,0,0,0,0,0,1,0,0,0,0,0,0,0,0,0
37.16,25,85,12,2016,1,0,0,0,0,1,0,0,0,0,0,0,0,0,0
28.0,26,86,12,2016,1,0,0,0,0,1,0,0,0,0,0,0,0,0,0
28.0,27,87,12,2016,1,0,0,0,0,1,0,0,0,0,0,0,0,0,0
29.72,28,88,13,2016,0,0,0,0,0,1,0,0,0,0,0,0,0,0,0
30.84,29,89,13,2016,0,0,0,0,0,1,0,0,0,0,0,0,0,0,0
28.56,30,90,13,2016,0,0,0,0,0,1,0,0,0,0,0,0,0,0,0
37.16,31,91,13,2016,0,0,1,0,0,1,0,0,0,0,0,0,0,0,0
36.56,1,92,13,2016,1,1,0,0,0,0,1,0,0,0,0,0,0,0,0
25.16,2,93,13,2016,1,0,0,0,0,0,1,0,0,0,0,0,0,0,0
29.72,3,94,13,2016,1,0,0,0,0,0,1,0,0,0,0,0,0,0,0
36.56,4,95,14,2016,0,0,0,0,0,0,1,0,0,0,0,0,0,0,0
29.16,5,96,14,2016,0,0,0,0,0,0,1,0,0,0,0,0,0,0,0
36.56,6,97,14,2016,0,0,0,0,0,0,1,0,0,0,0,0,0,0,0
39.44,7,98,14,2016,0,0,0,0,0,0,1,0,0,0,0,0,0,0,0
29.16,8,99,14,2016,1,0,0,0,0,0,1,0,0,0,0,0,0,0,0
25.16,9,100,14,2016,1,0,0,0,0,0,1,0,0,0,0,0,0,0,0
30.28,10,101,14,2016,1,0,0,0,0,0,1,0,0,0,0,0,0,0,0
38.84,11,102,15,2016,0,0,0,0,0,0,1,0,0,0,0,0,0,0,0
34.28,12,103,15,2016,0,0,0,0,0,0,1,0,0,0,0,0,0,0,0
37.72,13,104,15,2016,0,0,0,0,0,0,1,0,0,0,0,0,0,0,0
34.28,14,105,15,2016,0,0,0,0,0,0,1,0,0,0,0,0,0,0,0
48.56,15,106,15,2016,1,0,0,0,0,0,1,0,0,0,0,0,0,0,0
30.28,16,107,15,2016,1,0,0,0,0,0,1,0,0,0,0,0,0,0,0
33.16,17,108,15,2016,1,0,0,0,0,0,1,0,0,0,0,0,0,0,0
36.0,18,109,16,2016,0,0,0,0,0,0,1,0,0,0,0,0,0,0,0
30.28,19,110,16,2016,0,0,0,0,0,0,1,0,0,0,0,0,0,0,0
28.0,20,111,16,2016,0,0,0,0,0,0,1,0,0,0,0,0,0,0,0
36.56,21,112,16,2016,0,0,0,0,0,0,1,0,0,0,0,0,0,0,0
44.0,22,113,16,2016,1,0,0,0,0,0,1,0,0,0,0,0,0,0,0
30.84,23,114,16,2016,1,0,0,0,0,0,1,0,0,0,0,0,0,0,0
33.16,24,115,16,2016,1,0,0,0,0,0,1,0,0,0,0,0,0,0,0
34.84,25,116,17,2016,0,0,0,0,0,0,1,0,0,0,0,0,0,0,0
39.44,26,117,17,2016,0,0,0,0,0,0,1,0,0,0,0,0,0,0,0
46.84,27,118,17,2016,0,0,0,0,0,0,1,0,0,0,0,0,0,0,0
39.44,28,119,17,2016,0,0,0,0,0,0,1,0,0,0,0,0,0,0,0
39.44,29,120,17,2016,1,0,0,0,0,0,1,0,0,0,0,0,0,0,0
32.0,30,121,17,2016,1,0,1,0,0,0,1,0,0,0,0,0,0,0,0
30.84,1,122,17,2016,1,1,0,0,0,0,0,1,0,0,0,0,0,0,0
36.0,2,123,18,2016,0,0,0,0,0,0,0,1,0,0,0,0,0,0,0
34.28,3,124,18,2016,0,0,0,0,0,0,0,1,0,0,0,0,0,0,0
39.44,4,125,18,2016,0,0,0,0,0,0,0,1,0,0,0,0,0,0,0
38.28,5,126,18,2016,0,0,0,0,0,0,0,1,0,0,0,0,0,0,0
47.44,6,127,18,2016,1,0,0,0,0,0,0,1,0,0,0,0,0,0,0
34.28,7,128,18,2016,1,0,0,0,0,0,0,1,0,0,0,0,0,0,0
34.84,8,129,18,2016,1,0,0,0,0,0,0,1,0,0,0,0,0,0,0
41.16,9,130,19,2016,0,0,0,0,0,0,0,1,0,0,0,0,0,0,0
37.16,10,131,19,2016,0,0,0,0,0,0,0,1,0,0,0,0,0,0,0
44.56,11,132,19,2016,0,0,0,0,0,0,0,1,0,0,0,0,0,0,0
46.84,12,133,19,2016,0,0,0,0,0,0,0,1,0,0,0,0,0,0,0
50.84,13,134,19,2016,1,0,0,0,0,0,0,1,0,0,0,0,0,0,0
31.44,14,135,19,2016,1,0,0,0,0,0,0,1,0,0,0,0,0,0,0
38.28,15,136,19,2016,1,0,0,0,0,0,0,1,0,0,0,0,0,0,0
40.56,16,137,20,2016,0,0,0,0,0,0,0,1,0,0,0,0,0,0,0
37.72,17,138,20,2016,0,0,0,0,0,0,0,1,0,0,0,0,0,0,0
43.44,18,139,20,2016,0,0,0,0,0,0,0,1,0,0,0,0,0,0,0
40.56,19,140,20,2016,0,0,0,0,0,0,0,1,0,0,0,0,0,0,0
49.72,20,141,20,2016,1,0,0,0,0,0,0,1,0,0,0,0,0,0,0
34.28,21,142,20,2016,1,0,0,0,0,0,0,1,0,0,0,0,0,0,0
37.72,22,143,20,2016,1,0,0,0,0,0,0,1,0,0,0,0,0,0,0
37.16,23,144,21,2016,0,0,0,0,0,0,0,1,0,0,0,0,0,0,0
45.16,24,145,21,2016,0,0,0,0,0,0,0,1,0,0,0,0,0,0,0
40.56,25,146,21,2016,0,0,0,0,0,0,0,1,0,0,0,0,0,0,0
42.28,26,147,21,2016,0,0,0,0,0,0,0,1,0,0,0,0,0,0,0
54.28,27,148,21,2016,1,0,0,0,0,0,0,1,0,0,0,0,0,0,0
31.44,28,149,21,2016,1,0,0,0,0,0,0,1,0,0,0,0,0,0,0
41.16,29,150,21,2016,1,0,0,0,0,0,0,1,0,0,0,0,0,0,0
41.16,30,151,22,2016,0,0,0,0,0,0,0,1,0,0,0,0,0,0,0
38.28,31,152,22,2016,0,0,1,0,0,0,0,1,0,0,0,0,0,0,0
34.28,1,153,22,2016,0,1,0,0,0,0,0,0,1,0,0,0,0,0,0
38.28,2,154,22,2016,0,0,0,0,0,0,0,0,1,0,0,0,0,0,0
46.28,3,155,22,2016,1,0,0,0,0,0,0,0,1,0,0,0,0,0,0
33.72,4,156,22,2016,1,0,0,0,0,0,0,0,1,0,0,0,0,0,0
35.44,5,157,22,2016,1,0,0,0,0,0,0,0,1,0,0,0,0,0,0
36.56,6,158,23,2016,0,0,0,0,0,0,0,0,1,0,0,0,0,0,0
34.28,7,159,23,2016,0,0,0,0,0,0,0,0,1,0,0,0,0,0,0
53.72,8,160,23,2016,0,0,0,0,0,0,0,0,1,0,0,0,0,0,0
37.16,9,161,23,2016,0,0,0,0,0,0,0,0,1,0,0,0,0,0,0
43.44,10,162,23,2016,1,0,0,0,0,0,0,0,1,0,0,0,0,0,0
38.84,11,163,23,2016,1,0,0,0,0,0,0,0,1,0,0,0,0,0,0
38.84,12,164,23,2016,1,0,0,0,0,0,0,0,1,0,0,0,0,0,0
41.72,13,165,24,2016,0,0,0,0,0,0,0,0,1,0,0,0,0,0,0
41.72,14,166,24,2016,0,0,0,0,0,0,0,0,1,0,0,0,0,0,0
39.44,15,167,24,2016,0,0,0,0,0,0,0,0,1,0,0,0,0,0,0
45.72,16,168,24,2016,0,0,0,0,0,0,0,0,1,0,0,0,0,0,0
42.28,17,169,24,2016,1,0,0,0,0,0,0,0,1,0,0,0,0,0,0
31.44,18,170,24,2016,1,0,0,0,0,0,0,0,1,0,0,0,0,0,0
39.44,19,171,24,2016,1,0,0,0,0,0,0,0,1,0,0,0,0,0,0
42.28,20,172,25,2016,0,0,0,0,0,0,0,0,1,0,0,0,0,0,0
38.84,21,173,25,2016,0,0,0,0,0,0,0,0,1,0,0,0,0,0,0
42.84,22,174,25,2016,0,0,0,0,0,0,0,0,1,0,0,0,0,0,0
48.0,23,175,25,2016,0,0,0,0,0,0,0,0,1,0,0,0,0,0,0
53.72,24,176,25,2016,1,0,0,0,0,0,0,0,1,0,0,0,0,0,0
30.28,25,177,25,2016,1,0,0,0,0,0,0,0,1,0,0,0,0,0,0
34.84,26,178,25,2016,1,0,0,0,0,0,0,0,1,0,0,0,0,0,0
38.28,27,179,26,2016,0,0,0,0,0,0,0,0,1,0,0,0,0,0,0
47.44,28,180,26,2016,0,0,0,0,0,0,0,0,1,0,0,0,0,0,0
33.16,29,181,26,2016,0,0,0,0,0,0,0,0,1,0,0,0,0,0,0
49.16,30,182,26,2016,0,0,1,0,0,0,0,0,1,0,0,0,0,0,0
46.28,1,183,26,2016,1,1,0,0,0,0,0,0,0,1,0,0,0,0,0
38.28,2,184,26,2016,1,0,0,0,0,0,0,0,0,1,0,0,0,0,0
37.16,3,185,26,2016,1,0,0,0,0,0,0,0,0,1,0,0,0,0,0
36.56,4,186,27,2016,0,0,0,0,0,0,0,0,0,1,0,0,0,0,0
41.16,5,187,27,2016,0,0,0,0,0,0,0,0,0,1,0,0,0,0,0
41.72,6,188,27,2016,0,0,0,0,0,0,0,0,0,1,0,0,0,0,0
45.16,7,189,27,2016,0,0,0,0,0,0,0,0,0,1,0,0,0,0,0
49.72,8,190,27,2016,1,0,0,0,0,0,0,0,0,1,0,0,0,0,0
37.72,9,191,27,2016,1,0,0,0,0,0,0,0,0,1,0,0,0,0,0
38.84,10,192,27,2016,1,0,0,0,0,0,0,0,0,1,0,0,0,0,0
35.44,11,193,28,2016,0,0,0,0,0,0,0,0,0,1,0,0,0,0,0
47.44,12,194,28,2016,0,0,0,0,0,0,0,0,0,1,0,0,0,0,0
40.56,13,195,28,2016,0,0,0,0,0,0,0,0,0,1,0,0,0,0,0
49.16,14,196,28,2016,0,0,0,0,0,0,0,0,0,1,0,0,0,0,0
53.72,15,197,28,2016,1,0,0,0,0,0,0,0,0,1,0,0,0,0,0
41.72,16,198,28,2016,1,0,0,0,0,0,0,0,0,1,0,0,0,0,0
51.44,17,199,28,2016,1,0,0,0,0,0,0,0,0,1,0,0,0,0,0
35.44,18,200,29,2016,0,0,0,0,0,0,0,0,0,1,0,0,0,0,0
33.72,19,201,29,2016,0,0,0,0,0,0,0,0,0,1,0,0,0,0,0
36.56,20,202,29,2016,0,0,0,0,0,0,0,0,0,1,0,0,0,0,0
37.72,21,203,29,2016,0,0,0,0,0,0,0,0,0,1,0,0,0,0,0
43.44,22,204,29,2016,1,0,0,0,0,0,0,0,0,1,0,0,0,0,0
32.56,23,205,29,2016,1,0,0,0,0,0,0,0,0,1,0,0,0,0,0
44.56,24,206,29,2016,1,0,0,0,0,0,0,0,0,1,0,0,0,0,0
34.28,25,207,30,2016,0,0,0,0,0,0,0,0,0,1,0,0,0,0,0
54.84,26,208,30,2016,0,0,0,0,0,0,0,0,0,1,0,0,0,0,0
38.28,27,209,30,2016,0,0,0,0,0,0,0,0,0,1,0,0,0,0,0
43.44,28,210,30,2016,0,0,0,0,0,0,0,0,0,1,0,0,0,0,0
45.16,29,211,30,2016,1,0,0,0,0,0,0,0,0,1,0,0,0,0,0
25.16,30,212,30,2016,1,0,0,0,0,0,0,0,0,1,0,0,0,0,0
39.44,31,213,30,2016,1,0,1,0,0,0,0,0,0,1,0,0,0,0,0
32.0,1,214,31,2016,0,1,0,0,0,0,0,0,0,0,1,0,0,0,0
41.16,2,215,31,2016,0,0,0,0,0,0,0,0,0,0,1,0,0,0,0
48.0,3,216,31,2016,0,0,0,0,0,0,0,0,0,0,1,0,0,0,0
49.16,4,217,31,2016,0,0,0,0,0,0,0,0,0,0,1,0,0,0,0
55.44,5,218,31,2016,1,0,0,0,0,0,0,0,0,0,1,0,0,0,0
40.0,6,219,31,2016,1,0,0,0,0,0,0,0,0,0,1,0,0,0,0
42.28,7,220,31,2016,1,0,0,0,0,0,0,0,0,0,1,0,0,0,0
47.44,8,221,32,2016,0,0,0,0,0,0,0,0,0,0,1,0,0,0,0
45.72,9,222,32,2016,0,0,0,0,0,0,0,0,0,0,1,0,0,0,0
44.56,10,223,32,2016,0,0,0,0,0,0,0,0,0,0,1,0,0,0,0
46.84,11,224,32,2016,0,0,0,0,0,0,0,0,0,0,1,0,0,0,0
46.28,12,225,32,2016,1,0,0,0,0,0,0,0,0,0,1,0,0,0,0
42.28,13,226,32,2016,1,0,0,0,0,0,0,0,0,0,1,0,0,0,0
38.84,14,227,32,2016,1,0,0,0,0,0,0,0,0,0,1,0,0,0,0
36.0,15,228,33,2016,0,0,0,0,0,0,0,0,0,0,1,0,0,0,0
37.16,16,229,33,2016,0,0,0,0,0,0,0,0,0,0,1,0,0,0,0
33.72,17,230,33,2016,0,0,0,0,0,0,0,0,0,0,1,0,0,0,0
49.72,18,231,33,2016,0,0,0,0,0,0,0,0,0,0,1,0,0,0,0
40.0,19,232,33,2016,1,0,0,0,0,0,0,0,0,0,1,0,0,0,0
33.16,20,233,33,2016,1,0,0,0,0,0,0,0,0,0,1,0,0,0,0
39.44,21,234,33,2016,1,0,0,0,0,0,0,0,0,0,1,0,0,0,0
30.28,22,235,34,2016,0,0,0,0,0,0,0,0,0,0,1,0,0,0,0
35.44,23,236,34,2016,0,0,0,0,0,0,0,0,0,0,1,0,0,0,0
37.16,24,237,34,2016,0,0,0,0,0,0,0,0,0,0,1,0,0,0,0
41.72,25,238,34,2016,0,0,0,0,0,0,0,0,0,0,1,0,0,0,0
48.56,26,239,34,2016,1,0,0,0,0,0,0,0,0,0,1,0,0,0,0
41.16,27,240,34,2016,1,0,0,0,0,0,0,0,0,0,1,0,0,0,0
36.56,28,241,34,2016,1,0,0,0,0,0,0,0,0,0,1,0,0,0,0
43.44,29,242,35,2016,0,0,0,0,0,0,0,0,0,0,1,0,0,0,0
39.44,30,243,35,2016,0,0,0,0,0,0,0,0,0,0,1,0,0,0,0
45.16,31,244,35,2016,0,0,1,0,0,0,0,0,0,0,1,0,0,0,0
42.28,1,245,35,2016,0,1,0,0,0,0,0,0,0,0,0,1,0,0,0
48.0,2,246,35,2016,1,0,0,0,0,0,0,0,0,0,0,1,0,0,0
33.16,3,247,35,2016,1,0,0,0,0,0,0,0,0,0,0,1,0,0,0
34.28,4,248,35,2016,1,0,0,0,0,0,0,0,0,0,0,1,0,0,0
33.72,5,249,36,2016,0,0,0,0,0,0,0,0,0,0,0,1,0,0,0
38.84,6,250,36,2016,0,0,0,0,0,0,0,0,0,0,0,1,0,0,0
37.16,7,251,36,2016,0,0,0,0,0,0,0,0,0,0,0,1,0,0,0
40.0,8,252,36,2016,0,0,0,0,0,0,0,0,0,0,0,1,0,0,0
45.16,9,253,36,2016,1,0,0,0,0,0,0,0,0,0,0,1,0,0,0
29.72,10,254,36,2016,1,0,0,0,0,0,0,0,0,0,0,1,0,0,0
28.56,11,255,36,2016,1,0,0,0,0,0,0,0,0,0,0,1,0,0,0
36.0,12,256,37,2016,0,0,0,0,0,0,0,0,0,0,0,1,0,0,0
37.16,13,257,37,2016,0,0,0,0,0,0,0,0,0,0,0,1,0,0,0
43.44,14,258,37,2016,0,0,0,0,0,0,0,0,0,0,0,1,0,0,0
37.16,15,259,37,2016,0,0,0,0,0,0,0,0,0,0,0,1,0,0,0
44.56,16,260,37,2016,1,0,0,0,0,0,0,0,0,0,0,1,0,0,0
21.72,17,261,37,2016,1,0,0,0,0,0,0,0,0,0,0,1,0,0,0
41.16,18,262,37,2016,1,0,0,0,0,0,0,0,0,0,0,1,0,0,0
30.84,19,263,38,2016,0,0,0,0,0,0,0,0,0,0,0,1,0,0,0
40.0,20,264,38,2016,0,0,0,0,0,0,0,0,0,0,0,1,0,0,0
40.0,21,265,38,2016,0,0,0,0,0,0,0,0,0,0,0,1,0,0,0
37.72,22,266,38,2016,0,0,0,0,0,0,0,0,0,0,0,1,0,0,0
36.0,23,267,38,2016,1,0,0,0,0,0,0,0,0,0,0,1,0,0,0
28.0,24,268,38,2016,1,0,0,0,0,0,0,0,0,0,0,1,0,0,0
29.16,25,269,38,2016,1,0,0,0,0,0,0,0,0,0,0,1,0,0,0
33.16,26,270,39,2016,0,0,0,0,0,0,0,0,0,0,0,1,0,0,0
34.28,27,271,39,2016,0,0,0,0,0,0,0,0,0,0,0,1,0,0,0
45.72,28,272,39,2016,0,0,0,0,0,0,0,0,0,0,0,1,0,0,0
40.0,29,273,39,2016,0,0,0,0,0,0,0,0,0,0,0,1,0,0,0
40.56,30,274,39,2016,1,0,1,0,0,0,0,0,0,0,0,1,0,0,0
31.44,1,275,39,2016,1,1,0,0,0,0,0,0,0,0,0,0,1,0,0
35.44,2,276,39,2016,1,0,0,0,0,0,0,0,0,0,0,0,1,0,0
28.56,3,277,40,2016,0,0,0,0,0,0,0,0,0,0,0,0,1,0,0
37.16,4,278,40,2016,0,0,0,0,0,0,0,0,0,0,0,0,1,0,0
42.28,5,279,40,2016,0,0,0,0,0,0,0,0,0,0,0,0,1,0,0
38.84,6,280,40,2016,0,0,0,0,0,0,0,0,0,0,0,0,1,0,0
50.84,7,281,40,2016,1,0,0,0,0,0,0,0,0,0,0,0,1,0,0
28.0,8,282,40,2016,1,0,0,0,0,0,0,0,0,0,0,0,1,0,0
33.16,9,283,40,2016,1,0,0,0,0,0,0,0,0,0,0,0,1,0,0
34.28,10,284,41,2016,0,0,0,0,0,0,0,0,0,0,0,0,1,0,0
26.84,11,285,41,2016,0,0,0,0,0,0,0,0,0,0,0,0,1,0,0
38.28,12,286,41,2016,0,0,0,0,0,0,0,0,0,0,0,0,1,0,0
42.84,13,287,41,2016,0,0,0,0,0,0,0,0,0,0,0,0,1,0,0
38.84,14,288,41,2016,1,0,0,0,0,0,0,0,0,0,0,0,1,0,0
26.84,15,289,41,2016,1,0,0,0,0,0,0,0,0,0,0,0,1,0,0
32.56,16,290,41,2016,1,0,0,0,0,0,0,0,0,0,0,0,1,0,0
37.16,17,291,42,2016,0,0,0,0,0,0,0,0,0,0,0,0,1,0,0
29.72,18,292,42,2016,0,0,0,0,0,0,0,0,0,0,0,0,1,0,0
35.44,19,293,42,2016,0,0,0,0,0,0,0,0,0,0,0,0,1,0,0
43.44,20,294,42,2016,0,0,0,0,0,0,0,0,0,0,0,0,1,0,0
41.16,21,295,42,2016,1,0,0,0,0,0,0,0,0,0,0,0,1,0,0
30.84,22,296,42,2016,1,0,0,0,0,0,0,0,0,0,0,0,1,0,0
37.72,23,297,42,2016,1,0,0,0,0,0,0,0,0,0,0,0,1,0,0
44.56,24,298,43,2016,0,0,0,0,0,0,0,0,0,0,0,0,1,0,0
36.0,25,299,43,2016,0,0,0,0,0,0,0,0,0,0,0,0,1,0,0
35.44,26,300,43,2016,0,0,0,0,0,0,0,0,0,0,0,0,1,0,0
38.28,27,301,43,2016,0,0,0,0,0,0,0,0,0,0,0,0,1,0,0
41.16,28,302,43,2016,1,0,0,0,0,0,0,0,0,0,0,0,1,0,0
32.0,29,303,43,2016,1,0,0,0,0,0,0,0,0,0,0,0,1,0,0
26.28,30,304,43,2016,1,0,0,0,0,0,0,0,0,0,0,0,1,0,0
32.56,31,305,44,2016,0,0,1,0,0,0,0,0,0,0,0,0,1,0,0
29.16,1,306,44,2016,0,1,0,0,0,0,0,0,0,0,0,0,0,1,0
31.44,2,307,44,2016,0,0,0,0,0,0,0,0,0,0,0,0,0,1,0
35.44,3,308,44,2016,0,0,0,0,0,0,0,0,0,0,0,0,0,1,0
37.72,4,309,44,2016,1,0,0,0,0,0,0,0,0,0,0,0,0,1,0
29.16,5,310,44,2016,1,0,0,0,0,0,0,0,0,0,0,0,0,1,0
31.44,6,311,44,2016,1,0,0,0,0,0,0,0,0,0,0,0,0,1,0
29.72,7,312,45,2016,0,0,0,0,0,0,0,0,0,0,0,0,0,1,0
34.84,8,313,45,2016,0,0,0,0,0,0,0,0,0,0,0,0,0,1,0
40.56,9,314,45,2016,0,0,0,0,0,0,0,0,0,0,0,0,0,1,0
43.44,10,315,45,2016,0,0,0,0,0,0,0,0,0,0,0,0,0,1,0
44.0,11,316,45,2016,1,0,0,0,0,0,0,0,0,0,0,0,0,1,0
24.0,12,317,45,2016,1,0,0,0,0,0,0,0,0,0,0,0,0,1,0
35.44,13,318,45,2016,1,0,0,0,0,0,0,0,0,0,0,0,0,1,0
30.28,14,319,46,2016,0,0,0,0,0,0,0,0,0,0,0,0,0,1,0
38.28,15,320,46,2016,0,0,0,0,0,0,0,0,0,0,0,0,0,1,0
36.0,16,321,46,2016,0,0,0,0,0,0,0,0,0,0,0,0,0,1,0
43.44,17,322,46,2016,0,0,0,0,0,0,0,0,0,0,0,0,0,1,0
39.44,18,323,46,2016,1,0,0,0,0,0,0,0,0,0,0,0,0,1,0
36.56,19,324,46,2016,1,0,0,0,0,0,0,0,0,0,0,0,0,1,0
31.44,20,325,46,2016,1,0,0,0,0,0,0,0,0,0,0,0,0,1,0
28.0,21,326,47,2016,0,0,0,0,0,0,0,0,0,0,0,0,0,1,0
33.72,22,327,47,2016,0,0,0,0,0,0,0,0,0,0,0,0,0,1,0
38.28,23,328,47,2016,0,0,0,0,0,0,0,0,0,0,0,0,0,1,0
43.44,24,329,47,2016,0,0,0,0,0,0,0,0,0,0,0,0,0,1,0
44.56,25,330,47,2016,1,0,0,0,0,0,0,0,0,0,0,0,0,1,0
33.72,26,331,47,2016,1,0,0,0,0,0,0,0,0,0,0,0,0,1,0
36.56,27,332,47,2016,1,0,0,0,0,0,0,0,0,0,0,0,0,1,0
30.28,28,333,48,2016,0,0,0,0,0,0,0,0,0,0,0,0,0,1,0
42.28,29,334,48,2016,0,0,0,0,0,0,0,0,0,0,0,0,0,1,0
41.72,30,335,48,2016,0,0,1,0,0,0,0,0,0,0,0,0,0,1,0
42.84,1,336,48,2016,0,1,0,0,0,0,0,0,0,0,0,0,0,0,1
46.28,2,337,48,2016,1,0,0,0,0,0,0,0,0,0,0,0,0,0,1
34.84,3,338,48,2016,1,0,0,0,0,0,0,0,0,0,0,0,0,0,1
32.0,4,339,48,2016,1,0,0,0,0,0,0,0,0,0,0,0,0,0,1
30.28,5,340,49,2016,0,0,0,0,0,0,0,0,0,0,0,0,0,0,1
33.16,6,341,49,2016,0,0,0,0,0,0,0,0,0,0,0,0,0,0,1
29.16,7,342,49,2016,0,0,0,0,0,0,0,0,0,0,0,0,0,0,1
44.56,8,343,49,2016,0,0,0,0,0,0,0,0,0,0,0,0,0,0,1
34.84,9,344,49,2016,1,0,0,0,0,0,0,0,0,0,0,0,0,0,1
26.84,10,345,49,2016,1,0,0,0,0,0,0,0,0,0,0,0,0,0,1
25.16,11,346,49,2016,1,0,0,0,0,0,0,0,0,0,0,0,0,0,1
28.0,12,347,50,2016,0,0,0,0,0,0,0,0,0,0,0,0,0,0,1
31.44,13,348,50,2016,0,0,0,0,0,0,0,0,0,0,0,0,0,0,1
31.44,14,349,50,2016,0,0,0,0,0,0,0,0,0,0,0,0,0,0,1
32.0,15,350,50,2016,0,0,0,0,0,0,0,0,0,0,0,0,0,0,1
28.0,16,351,50,2016,1,0,0,0,0,0,0,0,0,0,0,0,0,0,1
22.28,17,352,50,2016,1,0,0,0,0,0,0,0,0,0,0,0,0,0,1
30.84,18,353,50,2016,1,0,0,0,0,0,0,0,0,0,0,0,0,0,1
29.72,19,354,51,2016,0,0,0,0,0,0,0,0,0,0,0,0,0,0,1
26.84,20,355,51,2016,0,0,0,0,0,0,0,0,0,0,0,0,0,0,1
32.0,21,356,51,2016,0,0,0,0,0,0,0,0,0,0,0,0,0,0,1
30.84,22,357,51,2016,0,0,0,0,0,0,0,0,0,0,0,0,0,0,1
36.56,23,358,51,2016,1,0,0,0,0,0,0,0,0,0,0,0,0,0,1
22.28,24,359,51,2016,1,0,0,0,0,0,0,0,0,0,0,0,0,0,1
24.0,25,360,51,2016,1,0,0,0,0,0,0,0,0,0,0,0,0,0,1
30.84,26,361,52,2016,0,0,0,0,0,0,0,0,0,0,0,0,0,0,1
26.84,27,362,52,2016,0,0,0,0,0,0,0,0,0,0,0,0,0,0,1
32.0,28,363,52,2016,0,0,0,0,0,0,0,0,0,0,0,0,0,0,1
38.84,29,364,52,2016,0,0,0,0,0,0,0,0,0,0,0,0,0,0,1
36.0,30,365,52,2016,1,0,0,0,0,0,0,0,0,0,0,0,0,0,1
25.72,31,366,52,2016,1,0,1,0,0,0,0,0,0,0,0,0,0,0,1
32.0,1,1,52,2017,1,1,0,1,0,0,0,0,0,0,0,0,0,0,0
24.0,2,2,1,2017,0,0,0,1,0,0,0,0,0,0,0,0,0,0,0
23.44,3,3,1,2017,0,0,0,1,0,0,0,0,0,0,0,0,0,0,0
26.28,4,4,1,2017,0,0,0,1,0,0,0,0,0,0,0,0,0,0,0
28.0,5,5,1,2017,0,0,0,1,0,0,0,0,0,0,0,0,0,0,0
30.84,6,6,1,2017,1,0,0,1,0,0,0,0,0,0,0,0,0,0,0
23.44,7,7,1,2017,1,0,0,1,0,0,0,0,0,0,0,0,0,0,0
28.0,8,8,1,2017,1,0,0,1,0,0,0,0,0,0,0,0,0,0,0
21.16,9,9,2,2017,0,0,0,1,0,0,0,0,0,0,0,0,0,0,0
33.16,10,10,2,2017,0,0,0,1,0,0,0,0,0,0,0,0,0,0,0
26.28,11,11,2,2017,0,0,0,1,0,0,0,0,0,0,0,0,0,0,0
36.56,12,12,2,2017,0,0,0,1,0,0,0,0,0,0,0,0,0,0,0
26.28,13,13,2,2017,1,0,0,1,0,0,0,0,0,0,0,0,0,0,0
18.28,14,14,2,2017,1,0,0,1,0,0,0,0,0,0,0,0,0,0,0
28.56,15,15,2,2017,1,0,0,1,0,0,0,0,0,0,0,0,0,0,0
23.44,16,16,3,2017,0,0,0,1,0,0,0,0,0,0,0,0,0,0,0
25.16,17,17,3,2017,0,0,0,1,0,0,0,0,0,0,0,0,0,0,0
31.44,18,18,3,2017,0,0,0,1,0,0,0,0,0,0,0,0,0,0,0
31.44,19,19,3,2017,0,0,0,1,0,0,0,0,0,0,0,0,0,0,0
34.84,20,20,3,2017,1,0,0,1,0,0,0,0,0,0,0,0,0,0,0
26.28,21,21,3,2017,1,0,0,1,0,0,0,0,0,0,0,0,0,0,0
26.28,22,22,3,2017,1,0,0,1,0,0,0,0,0,0,0,0,0,0,0
27.44,23,23,4,2017,0,0,0,1,0,0,0,0,0,0,0,0,0,0,0
29.72,24,24,4,2017,0,0,0,1,0,0,0,0,0,0,0,0,0,0,0
25.72,25,25,4,2017,0,0,0,1,0,0,0,0,0,0,0,0,0,0,0
32.0,26,26,4,2017,0,0,0,1,0,0,0,0,0,0,0,0,0,0,0
37.72,27,27,4,2017,1,0,0,1,0,0,0,0,0,0,0,0,0,0,0
20.56,28,28,4,2017,1,0,0,1,0,0,0,0,0,0,0,0,0,0,0
29.16,29,29,4,2017,1,0,0,1,0,0,0,0,0,0,0,0,0,0,0
23.44,30,30,5,2017,0,0,0,1,0,0,0,0,0,0,0,0,0,0,0
26.84,31,31,5,2017,0,0,1,1,0,0,0,0,0,0,0,0,0,0,0
27.44,1,32,5,2017,0,1,0,0,1,0,0,0,0,0,0,0,0,0,0
33.16,2,33,5,2017,0,0,0,0,1,0,0,0,0,0,0,0,0,0,0
26.84,3,34,5,2017,1,0,0,0,1,0,0,0,0,0,0,0,0,0,0
25.16,4,35,5,2017,1,0,0,0,1,0,0,0,0,0,0,0,0,0,0
24.0,5,36,5,2017,1,0,0,0,1,0,0,0,0,0,0,0,0,0,0
25.72,6,37,6,2017,0,0,0,0,1,0,0,0,0,0,0,0,0,0,0
26.28,7,38,6,2017,0,0,0,0,1,0,0,0,0,0,0,0,0,0,0
25.72,8,39,6,2017,0,0,0,0,1,0,0,0,0,0,0,0,0,0,0
33.72,9,40,6,2017,0,0,0,0,1,0,0,0,0,0,0,0,0,0,0
33.72,10,41,6,2017,1,0,0,0,1,0,0,0,0,0,0,0,0,0,0
17.16,11,42,6,2017,1,0,0,0,1,0,0,0,0,0,0,0,0,0,0
24.0,12,43,6,2017,1,0,0,0,1,0,0,0,0,0,0,0,0,0,0
24.56,13,44,7,2017,0,0,0,0,1,0,0,0,0,0,0,0,0,0,0
24.56,14,45,7,2017,0,0,0,0,1,0,0,0,0,0,0,0,0,0,0
28.0,15,46,7,2017,0,0,0,0,1,0,0,0,0,0,0,0,0,0,0
30.28,16,47,7,2017,0,0,0,0,1,0,0,0,0,0,0,0,0,0,0
37.72,17,48,7,2017,1,0,0,0,1,0,0,0,0,0,0,0,0,0,0
25.16,18,49,7,2017,1,0,0,0,1,0,0,0,0,0,0,0,0,0,0
27.44,19,50,7,2017,1,0,0,0,1,0,0,0,0,0,0,0,0,0,0
24.56,20,51,8,2017,0,0,0,0,1,0,0,0,0,0,0,0,0,0,0
23.44,21,52,8,2017,0,0,0,0,1,0,0,0,0,0,0,0,0,0,0
30.28,22,53,8,2017,0,0,0,0,1,0,0,0,0,0,0,0,0,0,0
33.72,23,54,8,2017,0,0,0,0,1,0,0,0,0,0,0,0,0,0,0
26.84,24,55,8,2017,1,0,0,0,1,0,0,0,0,0,0,0,0,0,0
26.84,25,56,8,2017,1,0,0,0,1,0,0,0,0,0,0,0,0,0,0
28.56,26,57,8,2017,1,0,0,0,1,0,0,0,0,0,0,0,0,0,0
28.0,27,58,9,2017,0,0,0,0,1,0,0,0,0,0,0,0,0,0,0
28.56,28,59,9,2017,0,0,1,0,1,0,0,0,0,0,0,0,0,0,0
34.84,1,60,9,2017,0,1,0,0,0,1,0,0,0,0,0,0,0,0,0
28.0,2,61,9,2017,0,0,0,0,0,1,0,0,0,0,0,0,0,0,0
32.56,3,62,9,2017,1,0,0,0,0,1,0,0,0,0,0,0,0,0,0
23.44,4,63,9,2017,1,0,0,0,0,1,0,0,0,0,0,0,0,0,0
26.84,5,64,9,2017,1,0,0,0,0,1,0,0,0,0,0,0,0,0,0
24.56,6,65,10,2017,0,0,0,0,0,1,0,0,0,0,0,0,0,0,0
29.16,7,66,10,2017,0,0,0,0,0,1,0,0,0,0,0,0,0,0,0
27.44,8,67,10,2017,0,0,0,0,0,1,0,0,0,0,0,0,0,0,0
27.44,9,68,10,2017,0,0,0,0,0,1,0,0,0,0,0,0,0,0,0
37.72,10,69,10,2017,1,0,0,0,0,1,0,0,0,0,0,0,0,0,0
32.56,11,70,10,2017,1,0,0,0,0,1,0,0,0,0,0,0,0,0,0
32.56,12,71,10,2017,1,0,0,0,0,1,0,0,0,0,0,0,0,0,0
30.28,13,72,11,2017,0,0,0,0,0,1,0,0,0,0,0,0,0,0,0
36.56,14,73,11,2017,0,0,0,0,0,1,0,0,0,0,0,0,0,0,0
37.16,15,74,11,2017,0,0,0,0,0,1,0,0,0,0,0,0,0,0,0
36.56,16,75,11,2017,0,0,0,0,0,1,0,0,0,0,0,0,0,0,0
33.72,17,76,11,2017,1,0,0,0,0,1,0,0,0,0,0,0,0,0,0
30.28,18,77,11,2017,1,0,0,0,0,1,0,0,0,0,0,0,0,0,0
32.0,19,78,11,2017,1,0,0,0,0,1,0,0,0,0,0,0,0,0,0
32.56,20,79,12,2017,0,0,0,0,0,1,0,0,0,0,0,0,0,0,0
24.56,21,80,12,2017,0,0,0,0,0,1,0,0,0,0,0,0,0,0,0
37.16,22,81,12,2017,0,0,0,0,0,1,0,0,0,0,0,0,0,0,0
41.72,23,82,12,2017,0,0,0,0,0,1,0,0,0,0,0,0,0,0,0
38.28,24,83,12,2017,1,0,0,0,0,1,0,0,0,0,0,0,0,0,0
28.56,25,84,12,2017,1,0,0,0,0,1,0,0,0,0,0,0,0,0,0
29.16,26,85,12,2017,1,0,0,0,0,1,0,0,0,0,0,0,0,0,0
32.56,27,86,13,2017,0,0,0,0,0,1,0,0,0,0,0,0,0,0,0
30.84,28,87,13,2017,0,0,0,0,0,1,0,0,0,0,0,0,0,0,0
38.28,29,88,13,2017,0,0,0,0,0,1,0,0,0,0,0,0,0,0,0
37.72,30,89,13,2017,0,0,0,0,0,1,0,0,0,0,0,0,0,0,0
41.72,31,90,13,2017,1,0,1,0,0,1,0,0,0,0,0,0,0,0,0
30.84,1,91,13,2017,1,1,0,0,0,0,1,0,0,0,0,0,0,0,0
36.0,2,92,13,2017,1,0,0,0,0,0,1,0,0,0,0,0,0,0,0
27.44,3,93,14,2017,0,0,0,0,0,0,1,0,0,0,0,0,0,0,0
34.84,4,94,14,2017,0,0,0,0,0,0,1,0,0,0,0,0,0,0,0
29.72,5,95,14,2017,0,0,0,0,0,0,1,0,0,0,0,0,0,0,0
36.56,6,96,14,2017,0,0,0,0,0,0,1,0,0,0,0,0,0,0,0
40.56,7,97,14,2017,1,0,0,0,0,0,1,0,0,0,0,0,0,0,0
29.16,8,98,14,2017,1,0,0,0,0,0,1,0,0,0,0,0,0,0,0
31.44,9,99,14,2017,1,0,0,0,0,0,1,0,0,0,0,0,0,0,0
34.28,10,100,15,2017,0,0,0,0,0,0,1,0,0,0,0,0,0,0,0
45.16,11,101,15,2017,0,0,0,0,0,0,1,0,0,0,0,0,0,0,0
45.16,12,102,15,2017,0,0,0,0,0,0,1,0,0,0,0,0,0,0,0
36.56,13,103,15,2017,0,0,0,0,0,0,1,0,0,0,0,0,0,0,0
52.0,14,104,15,2017,1,0,0,0,0,0,1,0,0,0,0,0,0,0,0
33.72,15,105,15,2017,1,0,0,0,0,0,1,0,0,0,0,0,0,0,0
41.16,16,106,15,2017,1,0,0,0,0,0,1,0,0,0,0,0,0,0,0
41.72,17,107,16,2017,0,0,0,0,0,0,1,0,0,0,0,0,0,0,0
37.16,18,108,16,2017,0,0,0,0,0,0,1,0,0,0,0,0,0,0,0
41.72,19,109,16,2017,0,0,0,0,0,0,1,0,0,0,0,0,0,0,0
34.28,20,110,16,2017,0,0,0,0,0,0,1,0,0,0,0,0,0,0,0
40.56,21,111,16,2017,1,0,0,0,0,0,1,0,0,0,0,0,0,0,0
30.84,22,112,16,2017,1,0,0,0,0,0,1,0,0,0,0,0,0,0,0
33.16,23,113,16,2017,1,0,0,0,0,0,1,0,0,0,0,0,0,0,0
38.28,24,114,17,2017,0,0,0,0,0,0,1,0,0,0,0,0,0,0,0
36.56,25,115,17,2017,0,0,0,0,0,0,1,0,0,0,0,0,0,0,0
38.84,26,116,17,2017,0,0,0,0,0,0,1,0,0,0,0,0,0,0,0
36.0,27,117,17,2017,0,0,0,0,0,0,1,0,0,0,0,0,0,0,0
46.28,28,118,17,2017,1,0,0,0,0,0,1,0,0,0,0,0,0,0,0
27.44,29,119,17,2017,1,0,0,0,0,0,1,0,0,0,0,0,0,0,0
37.72,30,120,17,2017,1,0,1,0,0,0,1,0,0,0,0,0,0,0,0
36.0,1,121,18,2017,0,1,0,0,0,0,0,1,0,0,0,0,0,0,0
36.56,2,122,18,2017,0,0,0,0,0,0,0,1,0,0,0,0,0,0,0
35.44,3,123,18,2017,0,0,0,0,0,0,0,1,0,0,0,0,0,0,0
41.16,4,124,18,2017,0,0,0,0,0,0,0,1,0,0,0,0,0,0,0
44.56,5,125,18,2017,1,0,0,0,0,0,0,1,0,0,0,0,0,0,0
37.16,6,126,18,2017,1,0,0,0,0,0,0,1,0,0,0,0,0,0,0
41.16,7,127,18,2017,1,0,0,0,0,0,0,1,0,0,0,0,0,0,0
34.84,8,128,19,2017,0,0,0,0,0,0,0,1,0,0,0,0,0,0,0
38.84,9,129,19,2017,0,0,0,0,0,0,0,1,0,0,0,0,0,0,0
49.72,10,130,19,2017,0,0,0,0,0,0,0,1,0,0,0,0,0,0,0
42.84,11,131,19,2017,0,0,0,0,0,0,0,1,0,0,0,0,0,0,0
52.56,12,132,19,2017,1,0,0,0,0,0,0,1,0,0,0,0,0,0,0
30.28,13,133,19,2017,1,0,0,0,0,0,0,1,0,0,0,0,0,0,0
36.0,14,134,19,2017,1,0,0,0,0,0,0,1,0,0,0,0,0,0,0
37.16,15,135,20,2017,0,0,0,0,0,0,0,1,0,0,0,0,0,0,0
38.84,16,136,20,2017,0,0,0,0,0,0,0,1,0,0,0,0,0,0,0
38.84,17,137,20,2017,0,0,0,0,0,0,0,1,0,0,0,0,0,0,0
45.16,18,138,20,2017,0,0,0,0,0,0,0,1,0,0,0,0,0,0,0
40.0,19,139,20,2017,1,0,0,0,0,0,0,1,0,0,0,0,0,0,0
25.72,20,140,20,2017,1,0,0,0,0,0,0,1,0,0,0,0,0,0,0
38.84,21,141,20,2017,1,0,0,0,0,0,0,1,0,0,0,0,0,0,0
35.44,22,142,21,2017,0,0,0,0,0,0,0,1,0,0,0,0,0,0,0
38.84,23,143,21,2017,0,0,0,0,0,0,0,1,0,0,0,0,0,0,0
54.28,24,144,21,2017,0,0,0,0,0,0,0,1,0,0,0,0,0,0,0
52.56,25,145,21,2017,0,0,0,0,0,0,0,1,0,0,0,0,0,0,0
35.44,26,146,21,2017,1,0,0,0,0,0,0,1,0,0,0,0,0,0,0
40.0,27,147,21,2017,1,0,0,0,0,0,0,1,0,0,0,0,0,0,0
44.0,28,148,21,2017,1,0,0,0,0,0,0,1,0,0,0,0,0,0,0
41.72,29,149,22,2017,0,0,0,0,0,0,0,1,0,0,0,0,0,0,0
41.16,30,150,22,2017,0,0,0,0,0,0,0,1,0,0,0,0,0,0,0
48.56,31,151,22,2017,0,0,1,0,0,0,0,1,0,0,0,0,0,0,0
38.28,1,152,22,2017,0,1,0,0,0,0,0,0,1,0,0,0,0,0,0
53.16,2,153,22,2017,1,0,0,0,0,0,0,0,1,0,0,0,0,0,0
30.28,3,154,22,2017,1,0,0,0,0,0,0,0,1,0,0,0,0,0,0
44.0,4,155,22,2017,1,0,0,0,0,0,0,0,1,0,0,0,0,0,0
41.72,5,156,23,2017,0,0,0,0,0,0,0,0,1,0,0,0,0,0,0
47.44,6,157,23,2017,0,0,0,0,0,0,0,0,1,0,0,0,0,0,0
40.0,7,158,23,2017,0,0,0,0,0,0,0,0,1,0,0,0,0,0,0
44.0,8,159,23,2017,0,0,0,0,0,0,0,0,1,0,0,0,0,0,0
50.84,9,160,23,2017,1,0,0,0,0,0,0,0,1,0,0,0,0,0,0
36.56,10,161,23,2017,1,0,0,0,0,0,0,0,1,0,0,0,0,0,0
37.72,11,162,23,2017,1,0,0,0,0,0,0,0,1,0,0,0,0,0,0
36.56,12,163,24,2017,0,0,0,0,0,0,0,0,1,0,0,0,0,0,0
35.44,13,164,24,2017,0,0,0,0,0,0,0,0,1,0,0,0,0,0,0
44.0,14,165,24,2017,0,0,0,0,0,0,0,0,1,0,0,0,0,0,0
53.72,15,166,24,2017,0,0,0,0,0,0,0,0,1,0,0,0,0,0,0
57.16,16,167,24,2017,1,0,0,0,0,0,0,0,1,0,0,0,0,0,0
32.0,17,168,24,2017,1,0,0,0,0,0,0,0,1,0,0,0,0,0,0
40.0,18,169,24,2017,1,0,0,0,0,0,0,0,1,0,0,0,0,0,0
38.28,19,170,25,2017,0,0,0,0,0,0,0,0,1,0,0,0,0,0,0
35.44,20,171,25,2017,0,0,0,0,0,0,0,0,1,0,0,0,0,0,0
35.44,21,172,25,2017,0,0,0,0,0,0,0,0,1,0,0,0,0,0,0
40.0,22,173,25,2017,0,0,0,0,0,0,0,0,1,0,0,0,0,0,0
49.72,23,174,25,2017,1,0,0,0,0,0,0,0,1,0,0,0,0,0,0
36.0,24,175,25,2017,1,0,0,0,0,0,0,0,1,0,0,0,0,0,0
38.28,25,176,25,2017,1,0,0,0,0,0,0,0,1,0,0,0,0,0,0
33.16,26,177,26,2017,0,0,0,0,0,0,0,0,1,0,0,0,0,0,0
48.0,27,178,26,2017,0,0,0,0,0,0,0,0,1,0,0,0,0,0,0
44.0,28,179,26,2017,0,0,0,0,0,0,0,0,1,0,0,0,0,0,0
48.0,29,180,26,2017,0,0,0,0,0,0,0,0,1,0,0,0,0,0,0
57.72,30,181,26,2017,1,0,1,0,0,0,0,0,1,0,0,0,0,0,0
37.72,1,182,26,2017,1,1,0,0,0,0,0,0,0,1,0,0,0,0,0
42.28,2,183,26,2017,1,0,0,0,0,0,0,0,0,1,0,0,0,0,0
38.84,3,184,27,2017,0,0,0,0,0,0,0,0,0,1,0,0,0,0,0
43.44,4,185,27,2017,0,0,0,0,0,0,0,0,0,1,0,0,0,0,0
49.72,5,186,27,2017,0,0,0,0,0,0,0,0,0,1,0,0,0,0,0
42.28,6,187,27,2017,0,0,0,0,0,0,0,0,0,1,0,0,0,0,0
50.84,7,188,27,2017,1,0,0,0,0,0,0,0,0,1,0,0,0,0,0
40.56,8,189,27,2017,1,0,0,0,0,0,0,0,0,1,0,0,0,0,0
36.56,9,190,27,2017,1,0,0,0,0,0,0,0,0,1,0,0,0,0,0
38.28,10,191,28,2017,0,0,0,0,0,0,0,0,0,1,0,0,0,0,0
45.72,11,192,28,2017,0,0,0,0,0,0,0,0,0,1,0,0,0,0,0
41.72,12,193,28,2017,0,0,0,0,0,0,0,0,0,1,0,0,0,0,0
46.28,13,194,28,2017,0,0,0,0,0,0,0,0,0,1,0,0,0,0,0
46.28,14,195,28,2017,1,0,0,0,0,0,0,0,0,1,0,0,0,0,0
33.16,15,196,28,2017,1,0,0,0,0,0,0,0,0,1,0,0,0,0,0
40.56,16,197,28,2017,1,0,0,0,0,0,0,0,0,1,0,0,0,0,0
41.16,17,198,29,2017,0,0,0,0,0,0,0,0,0,1,0,0,0,0,0
41.16,18,199,29,2017,0,0,0,0,0,0,0,0,0,1,0,0,0,0,0
42.84,19,200,29,2017,0,0,0,0,0,0,0,0,0,1,0,0,0,0,0
50.28,20,201,29,2017,0,0,0,0,0,0,0,0,0,1,0,0,0,0,0
48.56,21,202,29,2017,1,0,0,0,0,0,0,0,0,1,0,0,0,0,0
44.0,22,203,29,2017,1,0,0,0,0,0,0,0,0,1,0,0,0,0,0
41.16,23,204,29,2017,1,0,0,0,0,0,0,0,0,1,0,0,0,0,0
42.28,24,205,30,2017,0,0,0,0,0,0,0,0,0,1,0,0,0,0,0
38.84,25,206,30,2017,0,0,0,0,0,0,0,0,0,1,0,0,0,0,0
49.16,26,207,30,2017,0,0,0,0,0,0,0,0,0,1,0,0,0,0,0
42.28,27,208,30,2017,0,0,0,0,0,0,0,0,0,1,0,0,0,0,0
57.72,28,209,30,2017,1,0,0,0,0,0,0,0,0,1,0,0,0,0,0
41.16,29,210,30,2017,1,0,0,0,0,0,0,0,0,1,0,0,0,0,0
46.28,30,211,30,2017,1,0,0,0,0,0,0,0,0,1,0,0,0,0,0
41.72,31,212,31,2017,0,0,1,0,0,0,0,0,0,1,0,0,0,0,0
44.0,1,213,31,2017,0,1,0,0,0,0,0,0,0,0,1,0,0,0,0
40.56,2,214,31,2017,0,0,0,0,0,0,0,0,0,0,1,0,0,0,0
37.72,3,215,31,2017,0,0,0,0,0,0,0,0,0,0,1,0,0,0,0
48.56,4,216,31,2017,1,0,0,0,0,0,0,0,0,0,1,0,0,0,0
39.44,5,217,31,2017,1,0,0,0,0,0,0,0,0,0,1,0,0,0,0
44.0,6,218,31,2017,1,0,0,0,0,0,0,0,0,0,1,0,0,0,0
40.0,7,219,32,2017,0,0,0,0,0,0,0,0,0,0,1,0,0,0,0
50.84,8,220,32,2017,0,0,0,0,0,0,0,0,0,0,1,0,0,0,0
48.56,9,221,32,2017,0,0,0,0,0,0,0,0,0,0,1,0,0,0,0
37.72,10,222,32,2017,0,0,0,0,0,0,0,0,0,0,1,0,0,0,0
50.28,11,223,32,2017,1,0,0,0,0,0,0,0,0,0,1,0,0,0,0
35.44,12,224,32,2017,1,0,0,0,0,0,0,0,0,0,1,0,0,0,0
39.44,13,225,32,2017,1,0,0,0,0,0,0,0,0,0,1,0,0,0,0
37.72,14,226,33,2017,0,0,0,0,0,0,0,0,0,0,1,0,0,0,0
32.0,15,227,33,2017,0,0,0,0,0,0,0,0,0,0,1,0,0,0,0
40.0,16,228,33,2017,0,0,0,0,0,0,0,0,0,0,1,0,0,0,0
44.56,17,229,33,2017,0,0,0,0,0,0,0,0,0,0,1,0,0,0,0
49.72,18,230,33,2017,1,0,0,0,0,0,0,0,0,0,1,0,0,0,0
36.0,19,231,33,2017,1,0,0,0,0,0,0,0,0,0,1,0,0,0,0
35.44,20,232,33,2017,1,0,0,0,0,0,0,0,0,0,1,0,0,0,0
39.44,21,233,34,2017,0,0,0,0,0,0,0,0,0,0,1,0,0,0,0
32.56,22,234,34,2017,0,0,0,0,0,0,0,0,0,0,1,0,0,0,0
41.16,23,235,34,2017,0,0,0,0,0,0,0,0,0,0,1,0,0,0,0
43.44,24,236,34,2017,0,0,0,0,0,0,0,0,0,0,1,0,0,0,0
42.84,25,237,34,2017,1,0,0,0,0,0,0,0,0,0,1,0,0,0,0
32.0,26,238,34,2017,1,0,0,0,0,0,0,0,0,0,1,0,0,0,0
42.28,27,239,34,2017,1,0,0,0,0,0,0,0,0,0,1,0,0,0,0
45.72,28,240,35,2017,0,0,0,0,0,0,0,0,0,0,1,0,0,0,0
37.72,29,241,35,2017,0,0,0,0,0,0,0,0,0,0,1,0,0,0,0
45.16,30,242,35,2017,0,0,0,0,0,0,0,0,0,0,1,0,0,0,0
45.72,31,243,35,2017,0,0,1,0,0,0,0,0,0,0,1,0,0,0,0
42.84,1,244,35,2017,1,1,0,0,0,0,0,0,0,0,0,1,0,0,0
35.44,2,245,35,2017,1,0,0,0,0,0,0,0,0,0,0,1,0,0,0
29.72,3,246,35,2017,1,0,0,0,0,0,0,0,0,0,0,1,0,0,0
38.28,4,247,36,2017,0,0,0,0,0,0,0,0,0,0,0,1,0,0,0
32.56,5,248,36,2017,0,0,0,0,0,0,0,0,0,0,0,1,0,0,0
50.84,6,249,36,2017,0,0,0,0,0,0,0,0,0,0,0,1,0,0,0
52.56,7,250,36,2017,0,0,0,0,0,0,0,0,0,0,0,1,0,0,0
53.72,8,251,36,2017,1,0,0,0,0,0,0,0,0,0,0,1,0,0,0
28.0,9,252,36,2017,1,0,0,0,0,0,0,0,0,0,0,1,0,0,0
41.72,10,253,36,2017,1,0,0,0,0,0,0,0,0,0,0,1,0,0,0
38.28,11,254,37,2017,0,0,0,0,0,0,0,0,0,0,0,1,0,0,0
46.84,12,255,37,2017,0,0,0,0,0,0,0,0,0,0,0,1,0,0,0
37.72,13,256,37,2017,0,0,0,0,0,0,0,0,0,0,0,1,0,0,0
36.56,14,257,37,2017,0,0,0,0,0,0,0,0,0,0,0,1,0,0,0
59.44,15,258,37,2017,1,0,0,0,0,0,0,0,0,0,0,1,0,0,0
30.84,16,259,37,2017,1,0,0,0,0,0,0,0,0,0,0,1,0,0,0
42.84,17,260,37,2017,1,0,0,0,0,0,0,0,0,0,0,1,0,0,0
34.84,18,261,38,2017,0,0,0,0,0,0,0,0,0,0,0,1,0,0,0
34.84,19,262,38,2017,0,0,0,0,0,0,0,0,0,0,0,1,0,0,0
38.84,20,263,38,2017,0,0,0,0,0,0,0,0,0,0,0,1,0,0,0
37.72,21,264,38,2017,0,0,0,0,0,0,0,0,0,0,0,1,0,0,0
46.28,22,265,38,2017,1,0,0,0,0,0,0,0,0,0,0,1,0,0,0
33.16,23,266,38,2017,1,0,0,0,0,0,0,0,0,0,0,1,0,0,0
36.0,24,267,38,2017,1,0,0,0,0,0,0,0,0,0,0,1,0,0,0
36.56,25,268,39,2017,0,0,0,0,0,0,0,0,0,0,0,1,0,0,0
38.84,26,269,39,2017,0,0,0,0,0,0,0,0,0,0,0,1,0,0,0
36.0,27,270,39,2017,0,0,0,0,0,0,0,0,0,0,0,1,0,0,0
41.16,28,271,39,2017,0,0,0,0,0,0,0,0,0,0,0,1,0,0,0
42.84,29,272,39,2017,1,0,0,0,0,0,0,0,0,0,0,1,0,0,0
30.84,30,273,39,2017,1,0,1,0,0,0,0,0,0,0,0,1,0,0,0
34.84,1,274,39,2017,1,1,0,0,0,0,0,0,0,0,0,0,1,0,0
28.56,2,275,40,2017,0,0,0,0,0,0,0,0,0,0,0,0,1,0,0
38.28,3,276,40,2017,0,0,0,0,0,0,0,0,0,0,0,0,1,0,0
33.72,4,277,40,2017,0,0,0,0,0,0,0,0,0,0,0,0,1,0,0
45.72,5,278,40,2017,0,0,0,0,0,0,0,0,0,0,0,0,1,0,0
48.56,6,279,40,2017,1,0,0,0,0,0,0,0,0,0,0,0,1,0,0
33.72,7,280,40,2017,1,0,0,0,0,0,0,0,0,0,0,0,1,0,0
36.0,8,281,40,2017,1,0,0,0,0,0,0,0,0,0,0,0,1,0,0
40.56,9,282,41,2017,0,0,0,0,0,0,0,0,0,0,0,0,1,0,0
28.0,10,283,41,2017,0,0,0,0,0,0,0,0,0,0,0,0,1,0,0
34.84,11,284,41,2017,0,0,0,0,0,0,0,0,0,0,0,0,1,0,0
40.0,12,285,41,2017,0,0,0,0,0,0,0,0,0,0,0,0,1,0,0
43.44,13,286,41,2017,1,0,0,0,0,0,0,0,0,0,0,0,1,0,0
28.56,14,287,41,2017,1,0,0,0,0,0,0,0,0,0,0,0,1,0,0
28.0,15,288,41,2017,1,0,0,0,0,0,0,0,0,0,0,0,1,0,0
32.56,16,289,42,2017,0,0,0,0,0,0,0,0,0,0,0,0,1,0,0
41.72,17,290,42,2017,0,0,0,0,0,0,0,0,0,0,0,0,1,0,0
42.28,18,291,42,2017,0,0,0,0,0,0,0,0,0,0,0,0,1,0,0
36.56,19,292,42,2017,0,0,0,0,0,0,0,0,0,0,0,0,1,0,0
38.84,20,293,42,2017,1,0,0,0,0,0,0,0,0,0,0,0,1,0,0
35.44,21,294,42,2017,1,0,0,0,0,0,0,0,0,0,0,0,1,0,0
33.72,22,295,42,2017,1,0,0,0,0,0,0,0,0,0,0,0,1,0,0
28.56,23,296,43,2017,0,0,0,0,0,0,0,0,0,0,0,0,1,0,0
34.84,24,297,43,2017,0,0,0,0,0,0,0,0,0,0,0,0,1,0,0
36.56,25,298,43,2017,0,0,0,0,0,0,0,0,0,0,0,0,1,0,0
37.72,26,299,43,2017,0,0,0,0,0,0,0,0,0,0,0,0,1,0,0
37.16,27,300,43,2017,1,0,0,0,0,0,0,0,0,0,0,0,1,0,0
34.28,28,301,43,2017,1,0,0,0,0,0,0,0,0,0,0,0,1,0,0
25.72,29,302,43,2017,1,0,0,0,0,0,0,0,0,0,0,0,1,0,0
33.16,30,303,44,2017,0,0,0,0,0,0,0,0,0,0,0,0,1,0,0
42.28,31,304,44,2017,0,0,1,0,0,0,0,0,0,0,0,0,1,0,0
34.28,1,305,44,2017,0,1,0,0,0,0,0,0,0,0,0,0,0,1,0
37.16,2,306,44,2017,0,0,0,0,0,0,0,0,0,0,0,0,0,1,0
45.16,3,307,44,2017,1,0,0,0,0,0,0,0,0,0,0,0,0,1,0
29.16,4,308,44,2017,1,0,0,0,0,0,0,0,0,0,0,0,0,1,0
27.44,5,309,44,2017,1,0,0,0,0,0,0,0,0,0,0,0,0,1,0
32.0,6,310,45,2017,0,0,0,0,0,0,0,0,0,0,0,0,0,1,0
32.56,7,311,45,2017,0,0,0,0,0,0,0,0,0,0,0,0,0,1,0
33.16,8,312,45,2017,0,0,0,0,0,0,0,0,0,0,0,0,0,1,0
41.72,9,313,45,2017,0,0,0,0,0,0,0,0,0,0,0,0,0,1,0
41.16,10,314,45,2017,1,0,0,0,0,0,0,0,0,0,0,0,0,1,0
31.44,11,315,45,2017,1,0,0,0,0,0,0,0,0,0,0,0,0,1,0
37.72,12,316,45,2017,1,0,0,0,0,0,0,0,0,0,0,0,0,1,0
37.16,13,317,46,2017,0,0,0,0,0,0,0,0,0,0,0,0,0,1,0
36.0,14,318,46,2017,0,0,0,0,0,0,0,0,0,0,0,0,0,1,0
40.0,15,319,46,2017,0,0,0,0,0,0,0,0,0,0,0,0,0,1,0
40.56,16,320,46,2017,0,0,0,0,0,0,0,0,0,0,0,0,0,1,0
46.84,17,321,46,2017,1,0,0,0,0,0,0,0,0,0,0,0,0,1,0
31.44,18,322,46,2017,1,0,0,0,0,0,0,0,0,0,0,0,0,1,0
37.16,19,323,46,2017,1,0,0,0,0,0,0,0,0,0,0,0,0,1,0
26.84,20,324,47,2017,0,0,0,0,0,0,0,0,0,0,0,0,0,1,0
38.84,21,325,47,2017,0,0,0,0,0,0,0,0,0,0,0,0,0,1,0
34.84,22,326,47,2017,0,0,0,0,0,0,0,0,0,0,0,0,0,1,0
41.16,23,327,47,2017,0,0,0,0,0,0,0,0,0,0,0,0,0,1,0
52.56,24,328,47,2017,1,0,0,0,0,0,0,0,0,0,0,0,0,1,0
33.72,25,329,47,2017,1,0,0,0,0,0,0,0,0,0,0,0,0,1,0
39.44,26,330,47,2017,1,0,0,0,0,0,0,0,0,0,0,0,0,1,0
35.44,27,331,48,2017,0,0,0,0,0,0,0,0,0,0,0,0,0,1,0
48.0,28,332,48,2017,0,0,0,0,0,0,0,0,0,0,0,0,0,1,0
37.16,29,333,48,2017,0,0,0,0,0,0,0,0,0,0,0,0,0,1,0
42.28,30,334,48,2017,0,0,1,0,0,0,0,0,0,0,0,0,0,1,0
43.44,1,335,48,2017,1,1,0,0,0,0,0,0,0,0,0,0,0,0,1
30.28,2,336,48,2017,1,0,0,0,0,0,0,0,0,0,0,0,0,0,1
33.72,3,337,48,2017,1,0,0,0,0,0,0,0,0,0,0,0,0,0,1
34.84,4,338,49,2017,0,0,0,0,0,0,0,0,0,0,0,0,0,0,1
42.28,5,339,49,2017,0,0,0,0,0,0,0,0,0,0,0,0,0,0,1
34.84,6,340,49,2017,0,0,0,0,0,0,0,0,0,0,0,0,0,0,1
41.72,7,341,49,2017,0,0,0,0,0,0,0,0,0,0,0,0,0,0,1
52.0,8,342,49,2017,1,0,0,0,0,0,0,0,0,0,0,0,0,0,1
31.44,9,343,49,2017,1,0,0,0,0,0,0,0,0,0,0,0,0,0,1
26.28,10,344,49,2017,1,0,0,0,0,0,0,0,0,0,0,0,0,0,1
34.84,11,345,50,2017,0,0,0,0,0,0,0,0,0,0,0,0,0,0,1
33.16,12,346,50,2017,0,0,0,0,0,0,0,0,0,0,0,0,0,0,1
32.0,13,347,50,2017,0,0,0,0,0,0,0,0,0,0,0,0,0,0,1
33.16,14,348,50,2017,0,0,0,0,0,0,0,0,0,0,0,0,0,0,1
28.56,15,349,50,2017,1,0,0,0,0,0,0,0,0,0,0,0,0,0,1
22.28,16,350,50,2017,1,0,0,0,0,0,0,0,0,0,0,0,0,0,1
22.28,17,351,50,2017,1,0,0,0,0,0,0,0,0,0,0,0,0,0,1
28.0,18,352,51,2017,0,0,0,0,0,0,0,0,0,0,0,0,0,0,1
23.44,19,353,51,2017,0,0,0,0,0,0,0,0,0,0,0,0,0,0,1
31.44,20,354,51,2017,0,0,0,0,0,0,0,0,0,0,0,0,0,0,1
31.44,21,355,51,2017,0,0,0,0,0,0,0,0,0,0,0,0,0,0,1
32.56,22,356,51,2017,1,0,0,0,0,0,0,0,0,0,0,0,0,0,1
24.56,23,357,51,2017,1,0,0,0,0,0,0,0,0,0,0,0,0,0,1
21.16,24,358,51,2017,1,0,0,0,0,0,0,0,0,0,0,0,0,0,1
30.28,25,359,52,2017,0,0,0,0,0,0,0,0,0,0,0,0,0,0,1
29.16,26,360,52,2017,0,0,0,0,0,0,0,0,0,0,0,0,0,0,1
32.0,27,361,52,2017,0,0,0,0,0,0,0,0,0,0,0,0,0,0,1
33.72,28,362,52,2017,0,0,0,0,0,0,0,0,0,0,0,0,0,0,1
32.56,29,363,52,2017,1,0,0,0,0,0,0,0,0,0,0,0,0,0,1
25.72,30,364,52,2017,1,0,0,0,0,0,0,0,0,0,0,0,0,0,1
29.72,31,365,52,2017,1,0,1,0,0,0,0,0,0,0,0,0,0,0,1
24.56,1,1,1,2018,0,1,0,1,0,0,0,0,0,0,0,0,0,0,0
30.84,2,2,1,2018,0,0,0,1,0,0,0,0,0,0,0,0,0,0,0
26.28,3,3,1,2018,0,0,0,1,0,0,0,0,0,0,0,0,0,0,0
36.56,4,4,1,2018,0,0,0,1,0,0,0,0,0,0,0,0,0,0,0
34.84,5,5,1,2018,1,0,0,1,0,0,0,0,0,0,0,0,0,0,0
22.28,6,6,1,2018,1,0,0,1,0,0,0,0,0,0,0,0,0,0,0
22.84,7,7,1,2018,1,0,0,1,0,0,0,0,0,0,0,0,0,0,0
30.28,8,8,2,2018,0,0,0,1,0,0,0,0,0,0,0,0,0,0,0
25.16,9,9,2,2018,0,0,0,1,0,0,0,0,0,0,0,0,0,0,0
30.28,10,10,2,2018,0,0,0,1,0,0,0,0,0,0,0,0,0,0,0
37.16,11,11,2,2018,0,0,0,1,0,0,0,0,0,0,0,0,0,0,0
30.84,12,12,2,2018,1,0,0,1,0,0,0,0,0,0,0,0,0,0,0
24.56,13,13,2,2018,1,0,0,1,0,0,0,0,0,0,0,0,0,0,0
23.44,14,14,2,2018,1,0,0,1,0,0,0,0,0,0,0,0,0,0,0
28.0,15,15,3,2018,0,0,0,1,0,0,0,0,0,0,0,0,0,0,0
28.0,16,16,3,2018,0,0,0,1,0,0,0,0,0,0,0,0,0,0,0
31.44,17,17,3,2018,0,0,0,1,0,0,0,0,0,0,0,0,0,0,0
29.72,18,18,3,2018,0,0,0,1,0,0,0,0,0,0,0,0,0,0,0
34.28,19,19,3,2018,1,0,0,1,0,0,0,0,0,0,0,0,0,0,0
16.56,20,20,3,2018,1,0,0,1,0,0,0,0,0,0,0,0,0,0,0
26.84,21,21,3,2018,1,0,0,1,0,0,0,0,0,0,0,0,0,0,0
20.56,22,22,4,2018,0,0,0,1,0,0,0,0,0,0,0,0,0,0,0
26.84,23,23,4,2018,0,0,0,1,0,0,0,0,0,0,0,0,0,0,0
32.0,24,24,4,2018,0,0,0,1,0,0,0,0,0,0,0,0,0,0,0
33.72,25,25,4,2018,0,0,0,1,0,0,0,0,0,0,0,0,0,0,0
34.28,26,26,4,2018,1,0,0,1,0,0,0,0,0,0,0,0,0,0,0
25.72,27,27,4,2018,1,0,0,1,0,0,0,0,0,0,0,0,0,0,0
26.84,28,28,4,2018,1,0,0,1,0,0,0,0,0,0,0,0,0,0,0
29.16,29,29,5,2018,0,0,0,1,0,0,0,0,0,0,0,0,0,0,0
28.56,30,30,5,2018,0,0,0,1,0,0,0,0,0,0,0,0,0,0,0
28.56,31,31,5,2018,0,0,1,1,0,0,0,0,0,0,0,0,0,0,0
33.16,1,32,5,2018,0,1,0,0,1,0,0,0,0,0,0,0,0,0,0
29.72,2,33,5,2018,1,0,0,0,1,0,0,0,0,0,0,0,0,0,0
20.56,3,34,5,2018,1,0,0,0,1,0,0,0,0,0,0,0,0,0,0
28.56,4,35,5,2018,1,0,0,0,1,0,0,0,0,0,0,0,0,0,0
24.56,5,36,6,2018,0,0,0,0,1,0,0,0,0,0,0,0,0,0,0
29.72,6,37,6,2018,0,0,0,0,1,0,0,0,0,0,0,0,0,0,0
30.28,7,38,6,2018,0,0,0,0,1,0,0,0,0,0,0,0,0,0,0
33.72,8,39,6,2018,0,0,0,0,1,0,0,0,0,0,0,0,0,0,0
28.0,9,40,6,2018,1,0,0,0,1,0,0,0,0,0,0,0,0,0,0
30.28,10,41,6,2018,1,0,0,0,1,0,0,0,0,0,0,0,0,0,0
33.16,11,42,6,2018,1,0,0,0,1,0,0,0,0,0,0,0,0,0,0
26.28,12,43,7,2018,0,0,0,0,1,0,0,0,0,0,0,0,0,0,0
30.28,13,44,7,2018,0,0,0,0,1,0,0,0,0,0,0,0,0,0,0
36.56,14,45,7,2018,0,0,0,0,1,0,0,0,0,0,0,0,0,0,0
35.44,15,46,7,2018,0,0,0,0,1,0,0,0,0,0,0,0,0,0,0
32.0,16,47,7,2018,1,0,0,0,1,0,0,0,0,0,0,0,0,0,0
30.28,17,48,7,2018,1,0,0,0,1,0,0,0,0,0,0,0,0,0,0
26.28,18,49,7,2018,1,0,0,0,1,0,0,0,0,0,0,0,0,0,0
33.16,19,50,8,2018,0,0,0,0,1,0,0,0,0,0,0,0,0,0,0
31.44,20,51,8,2018,0,0,0,0,1,0,0,0,0,0,0,0,0,0,0
31.44,21,52,8,2018,0,0,0,0,1,0,0,0,0,0,0,0,0,0,0
33.16,22,53,8,2018,0,0,0,0,1,0,0,0,0,0,0,0,0,0,0
29.72,23,54,8,2018,1,0,0,0,1,0,0,0,0,0,0,0,0,0,0
25.72,24,55,8,2018,1,0,0,0,1,0,0,0,0,0,0,0,0,0,0
26.84,25,56,8,2018,1,0,0,0,1,0,0,0,0,0,0,0,0,0,0
29.16,26,57,9,2018,0,0,0,0,1,0,0,0,0,0,0,0,0,0,0
22.28,27,58,9,2018,0,0,0,0,1,0,0,0,0,0,0,0,0,0,0
35.44,28,59,9,2018,0,0,1,0,1,0,0,0,0,0,0,0,0,0,0
34.28,1,60,9,2018,0,1,0,0,0,1,0,0,0,0,0,0,0,0,0
34.84,2,61,9,2018,1,0,0,0,0,1,0,0,0,0,0,0,0,0,0
30.28,3,62,9,2018,1,0,0,0,0,1,0,0,0,0,0,0,0,0,0
33.16,4,63,9,2018,1,0,0,0,0,1,0,0,0,0,0,0,0,0,0
28.56,5,64,10,2018,0,0,0,0,0,1,0,0,0,0,0,0,0,0,0
33.72,6,65,10,2018,0,0,0,0,0,1,0,0,0,0,0,0,0,0,0
33.16,7,66,10,2018,0,0,0,0,0,1,0,0,0,0,0,0,0,0,0
27.44,8,67,10,2018,0,0,0,0,0,1,0,0,0,0,0,0,0,0,0
35.44,9,68,10,2018,1,0,0,0,0,1,0,0,0,0,0,0,0,0,0
26.28,10,69,10,2018,1,0,0,0,0,1,0,0,0,0,0,0,0,0,0
38.28,11,70,10,2018,1,0,0,0,0,1,0,0,0,0,0,0,0,0,0
32.56,12,71,11,2018,0,0,0,0,0,1,0,0,0,0,0,0,0,0,0
34.84,13,72,11,2018,0,0,0,0,0,1,0,0,0,0,0,0,0,0,0
38.28,14,73,11,2018,0,0,0,0,0,1,0,0,0,0,0,0,0,0,0
41.72,15,74,11,2018,0,0,0,0,0,1,0,0,0,0,0,0,0,0,0
34.84,16,75,11,2018,1,0,0,0,0,1,0,0,0,0,0,0,0,0,0
28.56,17,76,11,2018,1,0,0,0,0,1,0,0,0,0,0,0,0,0,0
34.84,18,77,11,2018,1,0,0,0,0,1,0,0,0,0,0,0,0,0,0
35.44,19,78,12,2018,0,0,0,0,0,1,0,0,0,0,0,0,0,0,0
29.16,20,79,12,2018,0,0,0,0,0,1,0,0,0,0,0,0,0,0,0
34.28,21,80,12,2018,0,0,0,0,0,1,0,0,0,0,0,0,0,0,0
42.84,22,81,12,2018,0,0,0,0,0,1,0,0,0,0,0,0,0,0,0
47.44,23,82,12,2018,1,0,0,0,0,1,0,0,0,0,0,0,0,0,0
33.72,24,83,12,2018,1,0,0,0,0,1,0,0,0,0,0,0,0,0,0
36.56,25,84,12,2018,1,0,0,0,0,1,0,0,0,0,0,0,0,0,0
31.44,26,85,13,2018,0,0,0,0,0,1,0,0,0,0,0,0,0,0,0
32.56,27,86,13,2018,0,0,0,0,0,1,0,0,0,0,0,0,0,0,0
40.0,28,87,13,2018,0,0,0,0,0,1,0,0,0,0,0,0,0,0,0
47.44,29,88,13,2018,0,0,0,0,0,1,0,0,0,0,0,0,0,0,0
40.56,30,89,13,2018,1,0,0,0,0,1,0,0,0,0,0,0,0,0,0
32.56,31,90,13,2018,1,0,1,0,0,1,0,0,0,0,0,0,0,0,0
34.84,1,91,13,2018,1,1,0,0,0,0,1,0,0,0,0,0,0,0,0
30.84,2,92,14,2018,0,0,0,0,0,0,1,0,0,0,0,0,0,0,0
31.44,3,93,14,2018,0,0,0,0,0,0,1,0,0,0,0,0,0,0,0
37.72,4,94,14,2018,0,0,0,0,0,0,1,0,0,0,0,0,0,0,0
40.56,5,95,14,2018,0,0,0,0,0,0,1,0,0,0,0,0,0,0,0
40.56,6,96,14,2018,1,0,0,0,0,0,1,0,0,0,0,0,0,0,0
26.84,7,97,14,2018,1,0,0,0,0,0,1,0,0,0,0,0,0,0,0
37.72,8,98,14,2018,1,0,0,0,0,0,1,0,0,0,0,0,0,0,0
33.72,9,99,15,2018,0,0,0,0,0,0,1,0,0,0,0,0,0,0,0
39.44,10,100,15,2018,0,0,0,0,0,0,1,0,0,0,0,0,0,0,0
37.16,11,101,15,2018,0,0,0,0,0,0,1,0,0,0,0,0,0,0,0
45.72,12,102,15,2018,0,0,0,0,0,0,1,0,0,0,0,0,0,0,0
45.72,13,103,15,2018,1,0,0,0,0,0,1,0,0,0,0,0,0,0,0
32.0,14,104,15,2018,1,0,0,0,0,0,1,0,0,0,0,0,0,0,0
34.28,15,105,15,2018,1,0,0,0,0,0,1,0,0,0,0,0,0,0,0
36.56,16,106,16,2018,0,0,0,0,0,0,1,0,0,0,0,0,0,0,0
42.28,17,107,16,2018,0,0,0,0,0,0,1,0,0,0,0,0,0,0,0
36.56,18,108,16,2018,0,0,0,0,0,0,1,0,0,0,0,0,0,0,0
52.0,19,109,16,2018,0,0,0,0,0,0,1,0,0,0,0,0,0,0,0
46.84,20,110,16,2018,1,0,0,0,0,0,1,0,0,0,0,0,0,0,0
38.28,21,111,16,2018,1,0,0,0,0,0,1,0,0,0,0,0,0,0,0
39.44,22,112,16,2018,1,0,0,0,0,0,1,0,0,0,0,0,0,0,0
35.44,23,113,17,2018,0,0,0,0,0,0,1,0,0,0,0,0,0,0,0
41.16,24,114,17,2018,0,0,0,0,0,0,1,0,0,0,0,0,0,0,0
44.56,25,115,17,2018,0,0,0,0,0,0,1,0,0,0,0,0,0,0,0
46.28,26,116,17,2018,0,0,0,0,0,0,1,0,0,0,0,0,0,0,0
55.44,27,117,17,2018,1,0,0,0,0,0,1,0,0,0,0,0,0,0,0
26.84,28,118,17,2018,1,0,0,0,0,0,1,0,0,0,0,0,0,0,0
39.44,29,119,17,2018,1,0,0,0,0,0,1,0,0,0,0,0,0,0,0
38.84,30,120,18,2018,0,0,1,0,0,0,1,0,0,0,0,0,0,0,0
50.28,1,121,18,2018,0,1,0,0,0,0,0,1,0,0,0,0,0,0,0
40.56,2,122,18,2018,0,0,0,0,0,0,0,1,0,0,0,0,0,0,0
34.28,3,123,18,2018,0,0,0,0,0,0,0,1,0,0,0,0,0,0,0
54.28,4,124,18,2018,1,0,0,0,0,0,0,1,0,0,0,0,0,0,0
28.0,5,125,18,2018,1,0,0,0,0,0,0,1,0,0,0,0,0,0,0
31.44,6,126,18,2018,1,0,0,0,0,0,0,1,0,0,0,0,0,0,0
40.56,7,127,19,2018,0,0,0,0,0,0,0,1,0,0,0,0,0,0,0
37.72,8,128,19,2018,0,0,0,0,0,0,0,1,0,0,0,0,0,0,0
45.72,9,129,19,2018,0,0,0,0,0,0,0,1,0,0,0,0,0,0,0
38.84,10,130,19,2018,0,0,0,0,0,0,0,1,0,0,0,0,0,0,0
50.84,11,131,19,2018,1,0,0,0,0,0,0,1,0,0,0,0,0,0,0
32.56,12,132,19,2018,1,0,0,0,0,0,0,1,0,0,0,0,0,0,0
38.28,13,133,19,2018,1,0,0,0,0,0,0,1,0,0,0,0,0,0,0
40.56,14,134,20,2018,0,0,0,0,0,0,0,1,0,0,0,0,0,0,0
37.72,15,135,20,2018,0,0,0,0,0,0,0,1,0,0,0,0,0,0,0
48.56,16,136,20,2018,0,0,0,0,0,0,0,1,0,0,0,0,0,0,0
48.0,17,137,20,2018,0,0,0,0,0,0,0,1,0,0,0,0,0,0,0
48.0,18,138,20,2018,1,0,0,0,0,0,0,1,0,0,0,0,0,0,0
37.72,19,139,20,2018,1,0,0,0,0,0,0,1,0,0,0,0,0,0,0
48.56,20,140,20,2018,1,0,0,0,0,0,0,1,0,0,0,0,0,0,0
38.84,21,141,21,2018,0,0,0,0,0,0,0,1,0,0,0,0,0,0,0
44.0,22,142,21,2018,0,0,0,0,0,0,0,1,0,0,0,0,0,0,0
42.84,23,143,21,2018,0,0,0,0,0,0,0,1,0,0,0,0,0,0,0
48.0,24,144,21,2018,0,0,0,0,0,0,0,1,0,0,0,0,0,0,0
45.16,25,145,21,2018,1,0,0,0,0,0,0,1,0,0,0,0,0,0,0
43.44,26,146,21,2018,1,0,0,0,0,0,0,1,0,0,0,0,0,0,0
38.28,27,147,21,2018,1,0,0,0,0,0,0,1,0,0,0,0,0,0,0
36.56,28,148,22,2018,0,0,0,0,0,0,0,1,0,0,0,0,0,0,0
42.28,29,149,22,2018,0,0,0,0,0,0,0,1,0,0,0,0,0,0,0
48.56,30,150,22,2018,0,0,0,0,0,0,0,1,0,0,0,0,0,0,0
46.84,31,151,22,2018,0,0,1,0,0,0,0,1,0,0,0,0,0,0,0
44.56,1,152,22,2018,1,1,0,0,0,0,0,0,1,0,0,0,0,0,0
29.16,2,153,22,2018,1,0,0,0,0,0,0,0,1,0,0,0,0,0,0
44.0,3,154,22,2018,1,0,0,0,0,0,0,0,1,0,0,0,0,0,0
45.16,4,155,23,2018,0,0,0,0,0,0,0,0,1,0,0,0,0,0,0
43.44,5,156,23,2018,0,0,0,0,0,0,0,0,1,0,0,0,0,0,0
40.0,6,157,23,2018,0,0,0,0,0,0,0,0,1,0,0,0,0,0,0
46.84,7,158,23,2018,0,0,0,0,0,0,0,0,1,0,0,0,0,0,0
45.16,8,159,23,2018,1,0,0,0,0,0,0,0,1,0,0,0,0,0,0
35.44,9,160,23,2018,1,0,0,0,0,0,0,0,1,0,0,0,0,0,0
38.84,10,161,23,2018,1,0,0,0,0,0,0,0,1,0,0,0,0,0,0
37.72,11,162,24,2018,0,0,0,0,0,0,0,0,1,0,0,0,0,0,0
47.44,12,163,24,2018,0,0,0,0,0,0,0,0,1,0,0,0,0,0,0
48.0,13,164,24,2018,0,0,0,0,0,0,0,0,1,0,0,0,0,0,0
53.72,14,165,24,2018,0,0,0,0,0,0,0,0,1,0,0,0,0,0,0
52.56,15,166,24,2018,1,0,0,0,0,0,0,0,1,0,0,0,0,0,0
30.84,16,167,24,2018,1,0,0,0,0,0,0,0,1,0,0,0,0,0,0
40.0,17,168,24,2018,1,0,0,0,0,0,0,0,1,0,0,0,0,0,0
39.44,18,169,25,2018,0,0,0,0,0,0,0,0,1,0,0,0,0,0,0
43.44,19,170,25,2018,0,0,0,0,0,0,0,0,1,0,0,0,0,0,0
42.28,20,171,25,2018,0,0,0,0,0,0,0,0,1,0,0,0,0,0,0
51.44,21,172,25,2018,0,0,0,0,0,0,0,0,1,0,0,0,0,0,0
52.0,22,173,25,2018,1,0,0,0,0,0,0,0,1,0,0,0,0,0,0
37.72,23,174,25,2018,1,0,0,0,0,0,0,0,1,0,0,0,0,0,0
51.44,24,175,25,2018,1,0,0,0,0,0,0,0,1,0,0,0,0,0,0
41.72,25,176,26,2018,0,0,0,0,0,0,0,0,1,0,0,0,0,0,0
40.56,26,177,26,2018,0,0,0,0,0,0,0,0,1,0,0,0,0,0,0
45.72,27,178,26,2018,0,0,0,0,0,0,0,0,1,0,0,0,0,0,0
49.16,28,179,26,2018,0,0,0,0,0,0,0,0,1,0,0,0,0,0,0
46.84,29,180,26,2018,1,0,0,0,0,0,0,0,1,0,0,0,0,0,0
39.44,30,181,26,2018,1,0,1,0,0,0,0,0,1,0,0,0,0,0,0
36.56,1,182,26,2018,1,1,0,0,0,0,0,0,0,1,0,0,0,0,0
42.84,2,183,27,2018,0,0,0,0,0,0,0,0,0,1,0,0,0,0,0
45.16,3,184,27,2018,0,0,0,0,0,0,0,0,0,1,0,0,0,0,0
42.28,4,185,27,2018,0,0,0,0,0,0,0,0,0,1,0,0,0,0,0
50.28,5,186,27,2018,0,0,0,0,0,0,0,0,0,1,0,0,0,0,0
46.84,6,187,27,2018,1,0,0,0,0,0,0,0,0,1,0,0,0,0,0
35.44,7,188,27,2018,1,0,0,0,0,0,0,0,0,1,0,0,0,0,0
42.84,8,189,27,2018,1,0,0,0,0,0,0,0,0,1,0,0,0,0,0
37.72,9,190,28,2018,0,0,0,0,0,0,0,0,0,1,0,0,0,0,0
41.72,10,191,28,2018,0,0,0,0,0,0,0,0,0,1,0,0,0,0,0
51.44,11,192,28,2018,0,0,0,0,0,0,0,0,0,1,0,0,0,0,0
54.84,12,193,28,2018,0,0,0,0,0,0,0,0,0,1,0,0,0,0,0
50.84,13,194,28,2018,1,0,0,0,0,0,0,0,0,1,0,0,0,0,0
42.28,14,195,28,2018,1,0,0,0,0,0,0,0,0,1,0,0,0,0,0
53.16,15,196,28,2018,1,0,0,0,0,0,0,0,0,1,0,0,0,0,0
43.44,16,197,29,2018,0,0,0,0,0,0,0,0,0,1,0,0,0,0,0
49.72,17,198,29,2018,0,0,0,0,0,0,0,0,0,1,0,0,0,0,0
46.28,18,199,29,2018,0,0,0,0,0,0,0,0,0,1,0,0,0,0,0
63.44,19,200,29,2018,0,0,0,0,0,0,0,0,0,1,0,0,0,0,0
56.56,20,201,29,2018,1,0,0,0,0,0,0,0,0,1,0,0,0,0,0
42.84,21,202,29,2018,1,0,0,0,0,0,0,0,0,1,0,0,0,0,0
46.84,22,203,29,2018,1,0,0,0,0,0,0,0,0,1,0,0,0,0,0
40.0,23,204,30,2018,0,0,0,0,0,0,0,0,0,1,0,0,0,0,0
49.16,24,205,30,2018,0,0,0,0,0,0,0,0,0,1,0,0,0,0,0
53.72,25,206,30,2018,0,0,0,0,0,0,0,0,0,1,0,0,0,0,0
60.56,26,207,30,2018,0,0,0,0,0,0,0,0,0,1,0,0,0,0,0
53.16,27,208,30,2018,1,0,0,0,0,0,0,0,0,1,0,0,0,0,0
43.44,28,209,30,2018,1,0,0,0,0,0,0,0,0,1,0,0,0,0,0
45.72,29,210,30,2018,1,0,0,0,0,0,0,0,0,1,0,0,0,0,0
45.72,30,211,31,2018,0,0,0,0,0,0,0,0,0,1,0,0,0,0,0
44.0,31,212,31,2018,0,0,1,0,0,0,0,0,0,1,0,0,0,0,0
56.0,1,213,31,2018,0,1,0,0,0,0,0,0,0,0,1,0,0,0,0
54.28,2,214,31,2018,0,0,0,0,0,0,0,0,0,0,1,0,0,0,0
61.16,3,215,31,2018,1,0,0,0,0,0,0,0,0,0,1,0,0,0,0
37.72,4,216,31,2018,1,0,0,0,0,0,0,0,0,0,1,0,0,0,0
43.44,5,217,31,2018,1,0,0,0,0,0,0,0,0,0,1,0,0,0,0
42.84,6,218,32,2018,0,0,0,0,0,0,0,0,0,0,1,0,0,0,0
52.56,7,219,32,2018,0,0,0,0,0,0,0,0,0,0,1,0,0,0,0
52.0,8,220,32,2018,0,0,0,0,0,0,0,0,0,0,1,0,0,0,0
58.84,9,221,32,2018,0,0,0,0,0,0,0,0,0,0,1,0,0,0,0
58.84,10,222,32,2018,1,0,0,0,0,0,0,0,0,0,1,0,0,0,0
32.56,11,223,32,2018,1,0,0,0,0,0,0,0,0,0,1,0,0,0,0
38.84,12,224,32,2018,1,0,0,0,0,0,0,0,0,0,1,0,0,0,0
42.84,13,225,33,2018,0,0,0,0,0,0,0,0,0,0,1,0,0,0,0
39.44,14,226,33,2018,0,0,0,0,0,0,0,0,0,0,1,0,0,0,0
51.44,15,227,33,2018,0,0,0,0,0,0,0,0,0,0,1,0,0,0,0
40.56,16,228,33,2018,0,0,0,0,0,0,0,0,0,0,1,0,0,0,0
46.28,17,229,33,2018,1,0,0,0,0,0,0,0,0,0,1,0,0,0,0
34.84,18,230,33,2018,1,0,0,0,0,0,0,0,0,0,1,0,0,0,0
44.0,19,231,33,2018,1,0,0,0,0,0,0,0,0,0,1,0,0,0,0
41.72,20,232,34,2018,0,0,0,0,0,0,0,0,0,0,1,0,0,0,0
53.72,21,233,34,2018,0,0,0,0,0,0,0,0,0,0,1,0,0,0,0
48.56,22,234,34,2018,0,0,0,0,0,0,0,0,0,0,1,0,0,0,0
42.84,23,235,34,2018,0,0,0,0,0,0,0,0,0,0,1,0,0,0,0
42.84,24,236,34,2018,1,0,0,0,0,0,0,0,0,0,1,0,0,0,0
30.28,25,237,34,2018,1,0,0,0,0,0,0,0,0,0,1,0,0,0,0
37.16,26,238,34,2018,1,0,0,0,0,0,0,0,0,0,1,0,0,0,0
49.72,27,239,35,2018,0,0,0,0,0,0,0,0,0,0,1,0,0,0,0
38.84,28,240,35,2018,0,0,0,0,0,0,0,0,0,0,1,0,0,0,0
45.72,29,241,35,2018,0,0,0,0,0,0,0,0,0,0,1,0,0,0,0
48.0,30,242,35,2018,0,0,0,0,0,0,0,0,0,0,1,0,0,0,0
48.0,31,243,35,2018,1,0,1,0,0,0,0,0,0,0,1,0,0,0,0
40.0,1,244,35,2018,1,1,0,0,0,0,0,0,0,0,0,1,0,0,0
37.16,2,245,35,2018,1,0,0,0,0,0,0,0,0,0,0,1,0,0,0
40.56,3,246,36,2018,0,0,0,0,0,0,0,0,0,0,0,1,0,0,0
45.72,4,247,36,2018,0,0,0,0,0,0,0,0,0,0,0,1,0,0,0
60.0,5,248,36,2018,0,0,0,0,0,0,0,0,0,0,0,1,0,0,0
47.44,6,249,36,2018,0,0,0,0,0,0,0,0,0,0,0,1,0,0,0
49.16,7,250,36,2018,1,0,0,0,0,0,0,0,0,0,0,1,0,0,0
42.84,8,251,36,2018,1,0,0,0,0,0,0,0,0,0,0,1,0,0,0
37.16,9,252,36,2018,1,0,0,0,0,0,0,0,0,0,0,1,0,0,0
36.56,10,253,37,2018,0,0,0,0,0,0,0,0,0,0,0,1,0,0,0
51.44,11,254,37,2018,0,0,0,0,0,0,0,0,0,0,0,1,0,0,0
43.44,12,255,37,2018,0,0,0,0,0,0,0,0,0,0,0,1,0,0,0
52.56,13,256,37,2018,0,0,0,0,0,0,0,0,0,0,0,1,0,0,0
45.72,14,257,37,2018,1,0,0,0,0,0,0,0,0,0,0,1,0,0,0
34.28,15,258,37,2018,1,0,0,0,0,0,0,0,0,0,0,1,0,0,0
36.0,16,259,37,2018,1,0,0,0,0,0,0,0,0,0,0,1,0,0,0
30.84,17,260,38,2018,0,0,0,0,0,0,0,0,0,0,0,1,0,0,0
41.16,18,261,38,2018,0,0,0,0,0,0,0,0,0,0,0,1,0,0,0
52.56,19,262,38,2018,0,0,0,0,0,0,0,0,0,0,0,1,0,0,0
39.44,20,263,38,2018,0,0,0,0,0,0,0,0,0,0,0,1,0,0,0
51.44,21,264,38,2018,1,0,0,0,0,0,0,0,0,0,0,1,0,0,0
32.56,22,265,38,2018,1,0,0,0,0,0,0,0,0,0,0,1,0,0,0
34.84,23,266,38,2018,1,0,0,0,0,0,0,0,0,0,0,1,0,0,0
36.0,24,267,39,2018,0,0,0,0,0,0,0,0,0,0,0,1,0,0,0
37.16,25,268,39,2018,0,0,0,0,0,0,0,0,0,0,0,1,0,0,0
40.0,26,269,39,2018,0,0,0,0,0,0,0,0,0,0,0,1,0,0,0
46.28,27,270,39,2018,0,0,0,0,0,0,0,0,0,0,0,1,0,0,0
47.44,28,271,39,2018,1,0,0,0,0,0,0,0,0,0,0,1,0,0,0
31.44,29,272,39,2018,1,0,0,0,0,0,0,0,0,0,0,1,0,0,0
30.84,30,273,39,2018,1,0,1,0,0,0,0,0,0,0,0,1,0,0,0
48.0,1,274,40,2018,0,1,0,0,0,0,0,0,0,0,0,0,1,0,0
41.72,2,275,40,2018,0,0,0,0,0,0,0,0,0,0,0,0,1,0,0
43.44,3,276,40,2018,0,0,0,0,0,0,0,0,0,0,0,0,1,0,0
45.72,4,277,40,2018,0,0,0,0,0,0,0,0,0,0,0,0,1,0,0
46.84,5,278,40,2018,1,0,0,0,0,0,0,0,0,0,0,0,1,0,0
33.16,6,279,40,2018,1,0,0,0,0,0,0,0,0,0,0,0,1,0,0
37.16,7,280,40,2018,1,0,0,0,0,0,0,0,0,0,0,0,1,0,0
41.72,8,281,41,2018,0,0,0,0,0,0,0,0,0,0,0,0,1,0,0
49.16,9,282,41,2018,0,0,0,0,0,0,0,0,0,0,0,0,1,0,0
38.84,10,283,41,2018,0,0,0,0,0,0,0,0,0,0,0,0,1,0,0
30.84,11,284,41,2018,0,0,0,0,0,0,0,0,0,0,0,0,1,0,0
41.16,12,285,41,2018,1,0,0,0,0,0,0,0,0,0,0,0,1,0,0
34.84,13,286,41,2018,1,0,0,0,0,0,0,0,0,0,0,0,1,0,0
32.56,14,287,41,2018,1,0,0,0,0,0,0,0,0,0,0,0,1,0,0
40.56,15,288,42,2018,0,0,0,0,0,0,0,0,0,0,0,0,1,0,0
39.44,16,289,42,2018,0,0,0,0,0,0,0,0,0,0,0,0,1,0,0
46.84,17,290,42,2018,0,0,0,0,0,0,0,0,0,0,0,0,1,0,0
40.0,18,291,42,2018,0,0,0,0,0,0,0,0,0,0,0,0,1,0,0
40.0,19,292,42,2018,1,0,0,0,0,0,0,0,0,0,0,0,1,0,0
28.56,20,293,42,2018,1,0,0,0,0,0,0,0,0,0,0,0,1,0,0
35.44,21,294,42,2018,1,0,0,0,0,0,0,0,0,0,0,0,1,0,0
31.44,22,295,43,2018,0,0,0,0,0,0,0,0,0,0,0,0,1,0,0
37.72,23,296,43,2018,0,0,0,0,0,0,0,0,0,0,0,0,1,0,0
32.56,24,297,43,2018,0,0,0,0,0,0,0,0,0,0,0,0,1,0,0
37.16,25,298,43,2018,0,0,0,0,0,0,0,0,0,0,0,0,1,0,0
45.16,26,299,43,2018,1,0,0,0,0,0,0,0,0,0,0,0,1,0,0
29.72,27,300,43,2018,1,0,0,0,0,0,0,0,0,0,0,0,1,0,0
34.84,28,301,43,2018,1,0,0,0,0,0,0,0,0,0,0,0,1,0,0
36.56,29,302,44,2018,0,0,0,0,0,0,0,0,0,0,0,0,1,0,0
44.0,30,303,44,2018,0,0,0,0,0,0,0,0,0,0,0,0,1,0,0
42.28,31,304,44,2018,0,0,1,0,0,0,0,0,0,0,0,0,1,0,0
41.16,1,305,44,2018,0,1,0,0,0,0,0,0,0,0,0,0,0,1,0
40.56,2,306,44,2018,1,0,0,0,0,0,0,0,0,0,0,0,0,1,0
30.28,3,307,44,2018,1,0,0,0,0,0,0,0,0,0,0,0,0,1,0
30.84,4,308,44,2018,1,0,0,0,0,0,0,0,0,0,0,0,0,1,0
32.56,5,309,45,2018,0,0,0,0,0,0,0,0,0,0,0,0,0,1,0
40.0,6,310,45,2018,0,0,0,0,0,0,0,0,0,0,0,0,0,1,0
37.16,7,311,45,2018,0,0,0,0,0,0,0,0,0,0,0,0,0,1,0
41.16,8,312,45,2018,0,0,0,0,0,0,0,0,0,0,0,0,0,1,0
52.0,9,313,45,2018,1,0,0,0,0,0,0,0,0,0,0,0,0,1,0
34.28,10,314,45,2018,1,0,0,0,0,0,0,0,0,0,0,0,0,1,0
32.0,11,315,45,2018,1,0,0,0,0,0,0,0,0,0,0,0,0,1,0
36.0,12,316,46,2018,0,0,0,0,0,0,0,0,0,0,0,0,0,1,0
40.0,13,317,46,2018,0,0,0,0,0,0,0,0,0,0,0,0,0,1,0
43.44,14,318,46,2018,0,0,0,0,0,0,0,0,0,0,0,0,0,1,0
41.72,15,319,46,2018,0,0,0,0,0,0,0,0,0,0,0,0,0,1,0
46.28,16,320,46,2018,1,0,0,0,0,0,0,0,0,0,0,0,0,1,0
29.72,17,321,46,2018,1,0,0,0,0,0,0,0,0,0,0,0,0,1,0
33.72,18,322,46,2018,1,0,0,0,0,0,0,0,0,0,0,0,0,1,0
42.28,19,323,47,2018,0,0,0,0,0,0,0,0,0,0,0,0,0,1,0
39.44,20,324,47,2018,0,0,0,0,0,0,0,0,0,0,0,0,0,1,0
47.44,21,325,47,2018,0,0,0,0,0,0,0,0,0,0,0,0,0,1,0
50.28,22,326,47,2018,0,0,0,0,0,0,0,0,0,0,0,0,0,1,0
48.0,23,327,47,2018,1,0,0,0,0,0,0,0,0,0,0,0,0,1,0
38.84,24,328,47,2018,1,0,0,0,0,0,0,0,0,0,0,0,0,1,0
32.56,25,329,47,2018,1,0,0,0,0,0,0,0,0,0,0,0,0,1,0
44.56,26,330,48,2018,0,0,0,0,0,0,0,0,0,0,0,0,0,1,0
34.84,27,331,48,2018,0,0,0,0,0,0,0,0,0,0,0,0,0,1,0
48.0,28,332,48,2018,0,0,0,0,0,0,0,0,0,0,0,0,0,1,0
37.72,29,333,48,2018,0,0,0,0,0,0,0,0,0,0,0,0,0,1,0
46.28,30,334,48,2018,1,0,1,0,0,0,0,0,0,0,0,0,0,1,0
29.72,1,335,48,2018,1,1,0,0,0,0,0,0,0,0,0,0,0,0,1
34.84,2,336,48,2018,1,0,0,0,0,0,0,0,0,0,0,0,0,0,1
40.0,3,337,49,2018,0,0,0,0,0,0,0,0,0,0,0,0,0,0,1
38.28,4,338,49,2018,0,0,0,0,0,0,0,0,0,0,0,0,0,0,1
35.44,5,339,49,2018,0,0,0,0,0,0,0,0,0,0,0,0,0,0,1
45.72,6,340,49,2018,0,0,0,0,0,0,0,0,0,0,0,0,0,0,1
42.84,7,341,49,2018,1,0,0,0,0,0,0,0,0,0,0,0,0,0,1
33.72,8,342,49,2018,1,0,0,0,0,0,0,0,0,0,0,0,0,0,1
30.84,9,343,49,2018,1,0,0,0,0,0,0,0,0,0,0,0,0,0,1
43.44,10,344,50,2018,0,0,0,0,0,0,0,0,0,0,0,0,0,0,1
38.28,11,345,50,2018,0,0,0,0,0,0,0,0,0,0,0,0,0,0,1
31.44,12,346,50,2018,0,0,0,0,0,0,0,0,0,0,0,0,0,0,1
30.84,13,347,50,2018,0,0,0,0,0,0,0,0,0,0,0,0,0,0,1
31.44,14,348,50,2018,1,0,0,0,0,0,0,0,0,0,0,0,0,0,1
25.72,15,349,50,2018,1,0,0,0,0,0,0,0,0,0,0,0,0,0,1
34.28,16,350,50,2018,1,0,0,0,0,0,0,0,0,0,0,0,0,0,1
34.28,17,351,51,2018,0,0,0,0,0,0,0,0,0,0,0,0,0,0,1
30.84,18,352,51,2018,0,0,0,0,0,0,0,0,0,0,0,0,0,0,1
31.44,19,353,51,2018,0,0,0,0,0,0,0,0,0,0,0,0,0,0,1
32.0,20,354,51,2018,0,0,0,0,0,0,0,0,0,0,0,0,0,0,1
26.84,21,355,51,2018,1,0,0,0,0,0,0,0,0,0,0,0,0,0,1
29.16,22,356,51,2018,1,0,0,0,0,0,0,0,0,0,0,0,0,0,1
25.72,23,357,51,2018,1,0,0,0,0,0,0,0,0,0,0,0,0,0,1
34.84,24,358,52,2018,0,0,0,0,0,0,0,0,0,0,0,0,0,0,1
32.56,25,359,52,2018,0,0,0,0,0,0,0,0,0,0,0,0,0,0,1
31.44,26,360,52,2018,0,0,0,0,0,0,0,0,0,0,0,0,0,0,1
30.84,27,361,52,2018,0,0,0,0,0,0,0,0,0,0,0,0,0,0,1
35.44,28,362,52,2018,1,0,0,0,0,0,0,0,0,0,0,0,0,0,1
28.0,29,363,52,2018,1,0,0,0,0,0,0,0,0,0,0,0,0,0,1
28.0,30,364,52,2018,1,0,0,0,0,0,0,0,0,0,0,0,0,0,1
30.84,31,365,1,2018,0,0,1,0,0,0,0,0,0,0,0,0,0,0,1
27.44,1,1,1,2019,0,1,0,1,0,0,0,0,0,0,0,0,0,0,0
36.56,2,2,1,2019,0,0,0,1,0,0,0,0,0,0,0,0,0,0,0
34.28,3,3,1,2019,0,0,0,1,0,0,0,0,0,0,0,0,0,0,0
35.44,4,4,1,2019,1,0,0,1,0,0,0,0,0,0,0,0,0,0,0
29.72,5,5,1,2019,1,0,0,1,0,0,0,0,0,0,0,0,0,0,0
29.16,6,6,1,2019,1,0,0,1,0,0,0,0,0,0,0,0,0,0,0
22.28,7,7,2,2019,0,0,0,1,0,0,0,0,0,0,0,0,0,0,0
32.0,8,8,2,2019,0,0,0,1,0,0,0,0,0,0,0,0,0,0,0
31.44,9,9,2,2019,0,0,0,1,0,0,0,0,0,0,0,0,0,0,0
33.72,10,10,2,2019,0,0,0,1,0,0,0,0,0,0,0,0,0,0,0
31.44,11,11,2,2019,1,0,0,1,0,0,0,0,0,0,0,0,0,0,0
28.0,12,12,2,2019,1,0,0,1,0,0,0,0,0,0,0,0,0,0,0
27.44,13,13,2,2019,1,0,0,1,0,0,0,0,0,0,0,0,0,0,0
36.0,14,14,3,2019,0,0,0,1,0,0,0,0,0,0,0,0,0,0,0
28.0,15,15,3,2019,0,0,0,1,0,0,0,0,0,0,0,0,0,0,0
25.16,16,16,3,2019,0,0,0,1,0,0,0,0,0,0,0,0,0,0,0
38.28,17,17,3,2019,0,0,0,1,0,0,0,0,0,0,0,0,0,0,0
29.16,18,18,3,2019,1,0,0,1,0,0,0,0,0,0,0,0,0,0,0
29.72,19,19,3,2019,1,0,0,1,0,0,0,0,0,0,0,0,0,0,0
31.44,20,20,3,2019,1,0,0,1,0,0,0,0,0,0,0,0,0,0,0
26.84,21,21,4,2019,0,0,0,1,0,0,0,0,0,0,0,0,0,0,0
28.56,22,22,4,2019,0,0,0,1,0,0,0,0,0,0,0,0,0,0,0
33.72,23,23,4,2019,0,0,0,1,0,0,0,0,0,0,0,0,0,0,0
32.0,24,24,4,2019,0,0,0,1,0,0,0,0,0,0,0,0,0,0,0
33.16,25,25,4,2019,1,0,0,1,0,0,0,0,0,0,0,0,0,0,0
21.72,26,26,4,2019,1,0,0,1,0,0,0,0,0,0,0,0,0,0,0
22.84,27,27,4,2019,1,0,0,1,0,0,0,0,0,0,0,0,0,0,0
29.16,28,28,5,2019,0,0,0,1,0,0,0,0,0,0,0,0,0,0,0
30.84,29,29,5,2019,0,0,0,1,0,0,0,0,0,0,0,0,0,0,0
31.44,30,30,5,2019,0,0,0,1,0,0,0,0,0,0,0,0,0,0,0
36.0,31,31,5,2019,0,0,1,1,0,0,0,0,0,0,0,0,0,0,0
32.0,1,32,5,2019,1,1,0,0,1,0,0,0,0,0,0,0,0,0,0
26.28,2,33,5,2019,1,0,0,0,1,0,0,0,0,0,0,0,0,0,0
29.16,3,34,5,2019,1,0,0,0,1,0,0,0,0,0,0,0,0,0,0
26.84,4,35,6,2019,0,0,0,0,1,0,0,0,0,0,0,0,0,0,0
33.72,5,36,6,2019,0,0,0,0,1,0,0,0,0,0,0,0,0,0,0
25.16,6,37,6,2019,0,0,0,0,1,0,0,0,0,0,0,0,0,0,0
36.56,7,38,6,2019,0,0,0,0,1,0,0,0,0,0,0,0,0,0,0
32.0,8,39,6,2019,1,0,0,0,1,0,0,0,0,0,0,0,0,0,0
18.28,9,40,6,2019,1,0,0,0,1,0,0,0,0,0,0,0,0,0,0
29.16,10,41,6,2019,1,0,0,0,1,0,0,0,0,0,0,0,0,0,0
26.84,11,42,7,2019,0,0,0,0,1,0,0,0,0,0,0,0,0,0,0
30.84,12,43,7,2019,0,0,0,0,1,0,0,0,0,0,0,0,0,0,0
28.0,13,44,7,2019,0,0,0,0,1,0,0,0,0,0,0,0,0,0,0
32.0,14,45,7,2019,0,0,0,0,1,0,0,0,0,0,0,0,0,0,0
36.56,15,46,7,2019,1,0,0,0,1,0,0,0,0,0,0,0,0,0,0
25.72,16,47,7,2019,1,0,0,0,1,0,0,0,0,0,0,0,0,0,0
24.56,17,48,7,2019,1,0,0,0,1,0,0,0,0,0,0,0,0,0,0
36.56,18,49,8,2019,0,0,0,0,1,0,0,0,0,0,0,0,0,0,0
35.44,19,50,8,2019,0,0,0,0,1,0,0,0,0,0,0,0,0,0,0
34.84,20,51,8,2019,0,0,0,0,1,0,0,0,0,0,0,0,0,0,0
36.0,21,52,8,2019,0,0,0,0,1,0,0,0,0,0,0,0,0,0,0
37.16,22,53,8,2019,1,0,0,0,1,0,0,0,0,0,0,0,0,0,0
27.44,23,54,8,2019,1,0,0,0,1,0,0,0,0,0,0,0,0,0,0
29.72,24,55,8,2019,1,0,0,0,1,0,0,0,0,0,0,0,0,0,0
31.44,25,56,9,2019,0,0,0,0,1,0,0,0,0,0,0,0,0,0,0
31.44,26,57,9,2019,0,0,0,0,1,0,0,0,0,0,0,0,0,0,0
37.72,27,58,9,2019,0,0,0,0,1,0,0,0,0,0,0,0,0,0,0
37.72,28,59,9,2019,0,0,1,0,1,0,0,0,0,0,0,0,0,0,0
34.84,1,60,9,2019,1,1,0,0,0,1,0,0,0,0,0,0,0,0,0
25.72,2,61,9,2019,1,0,0,0,0,1,0,0,0,0,0,0,0,0,0
34.28,3,62,9,2019,1,0,0,0,0,1,0,0,0,0,0,0,0,0,0
35.44,4,63,10,2019,0,0,0,0,0,1,0,0,0,0,0,0,0,0,0
32.56,5,64,10,2019,0,0,0,0,0,1,0,0,0,0,0,0,0,0,0
33.16,6,65,10,2019,0,0,0,0,0,1,0,0,0,0,0,0,0,0,0
32.0,7,66,10,2019,0,0,0,0,0,1,0,0,0,0,0,0,0,0,0
38.84,8,67,10,2019,1,0,0,0,0,1,0,0,0,0,0,0,0,0,0
23.44,9,68,10,2019,1,0,0,0,0,1,0,0,0,0,0,0,0,0,0
29.72,10,69,10,2019,1,0,0,0,0,1,0,0,0,0,0,0,0,0,0
37.72,11,70,11,2019,0,0,0,0,0,1,0,0,0,0,0,0,0,0,0
38.84,12,71,11,2019,0,0,0,0,0,1,0,0,0,0,0,0,0,0,0
37.16,13,72,11,2019,0,0,0,0,0,1,0,0,0,0,0,0,0,0,0
37.72,14,73,11,2019,0,0,0,0,0,1,0,0,0,0,0,0,0,0,0
40.0,15,74,11,2019,1,0,0,0,0,1,0,0,0,0,0,0,0,0,0
32.56,16,75,11,2019,1,0,0,0,0,1,0,0,0,0,0,0,0,0,0
38.28,17,76,11,2019,1,0,0,0,0,1,0,0,0,0,0,0,0,0,0
40.56,18,77,12,2019,0,0,0,0,0,1,0,0,0,0,0,0,0,0,0
33.72,19,78,12,2019,0,0,0,0,0,1,0,0,0,0,0,0,0,0,0
34.28,20,79,12,2019,0,0,0,0,0,1,0,0,0,0,0,0,0,0,0
34.84,21,80,12,2019,0,0,0,0,0,1,0,0,0,0,0,0,0,0,0
46.84,22,81,12,2019,1,0,0,0,0,1,0,0,0,0,0,0,0,0,0
26.84,23,82,12,2019,1,0,0,0,0,1,0,0,0,0,0,0,0,0,0
38.28,24,83,12,2019,1,0,0,0,0,1,0,0,0,0,0,0,0,0,0
37.16,25,84,13,2019,0,0,0,0,0,1,0,0,0,0,0,0,0,0,0
36.0,26,85,13,2019,0,0,0,0,0,1,0,0,0,0,0,0,0,0,0
41.16,27,86,13,2019,0,0,0,0,0,1,0,0,0,0,0,0,0,0,0
39.44,28,87,13,2019,0,0,0,0,0,1,0,0,0,0,0,0,0,0,0
38.28,29,88,13,2019,1,0,0,0,0,1,0,0,0,0,0,0,0,0,0
31.44,30,89,13,2019,1,0,0,0,0,1,0,0,0,0,0,0,0,0,0
36.56,31,90,13,2019,1,0,1,0,0,1,0,0,0,0,0,0,0,0,0
37.72,1,91,14,2019,0,1,0,0,0,0,1,0,0,0,0,0,0,0,0
33.72,2,92,14,2019,0,0,0,0,0,0,1,0,0,0,0,0,0,0,0
35.44,3,93,14,2019,0,0,0,0,0,0,1,0,0,0,0,0,0,0,0
39.44,4,94,14,2019,0,0,0,0,0,0,1,0,0,0,0,0,0,0,0
37.72,5,95,14,2019,1,0,0,0,0,0,1,0,0,0,0,0,0,0,0
30.28,6,96,14,2019,1,0,0,0,0,0,1,0,0,0,0,0,0,0,0
30.28,7,97,14,2019,1,0,0,0,0,0,1,0,0,0,0,0,0,0,0
29.72,8,98,15,2019,0,0,0,0,0,0,1,0,0,0,0,0,0,0,0
39.44,9,99,15,2019,0,0,0,0,0,0,1,0,0,0,0,0,0,0,0
35.44,10,100,15,2019,0,0,0,0,0,0,1,0,0,0,0,0,0,0,0
50.28,11,101,15,2019,0,0,0,0,0,0,1,0,0,0,0,0,0,0,0
53.72,12,102,15,2019,1,0,0,0,0,0,1,0,0,0,0,0,0,0,0
38.84,13,103,15,2019,1,0,0,0,0,0,1,0,0,0,0,0,0,0,0
40.56,14,104,15,2019,1,0,0,0,0,0,1,0,0,0,0,0,0,0,0
45.72,15,105,16,2019,0,0,0,0,0,0,1,0,0,0,0,0,0,0,0
47.44,16,106,16,2019,0,0,0,0,0,0,1,0,0,0,0,0,0,0,0
37.16,17,107,16,2019,0,0,0,0,0,0,1,0,0,0,0,0,0,0,0
47.44,18,108,16,2019,0,0,0,0,0,0,1,0,0,0,0,0,0,0,0
48.56,19,109,16,2019,1,0,0,0,0,0,1,0,0,0,0,0,0,0,0
34.28,20,110,16,2019,1,0,0,0,0,0,1,0,0,0,0,0,0,0,0
39.44,21,111,16,2019,1,0,0,0,0,0,1,0,0,0,0,0,0,0,0
45.72,22,112,17,2019,0,0,0,0,0,0,1,0,0,0,0,0,0,0,0
41.72,23,113,17,2019,0,0,0,0,0,0,1,0,0,0,0,0,0,0,0
42.84,24,114,17,2019,0,0,0,0,0,0,1,0,0,0,0,0,0,0,0
46.84,25,115,17,2019,0,0,0,0,0,0,1,0,0,0,0,0,0,0,0
49.16,26,116,17,2019,1,0,0,0,0,0,1,0,0,0,0,0,0,0,0
37.16,27,117,17,2019,1,0,0,0,0,0,1,0,0,0,0,0,0,0,0
37.72,28,118,17,2019,1,0,0,0,0,0,1,0,0,0,0,0,0,0,0
39.44,29,119,18,2019,0,0,0,0,0,0,1,0,0,0,0,0,0,0,0
41.16,30,120,18,2019,0,0,1,0,0,0,1,0,0,0,0,0,0,0,0
40.56,1,121,18,2019,0,1,0,0,0,0,0,1,0,0,0,0,0,0,0
49.72,2,122,18,2019,0,0,0,0,0,0,0,1,0,0,0,0,0,0,0
51.44,3,123,18,2019,1,0,0,0,0,0,0,1,0,0,0,0,0,0,0
29.16,4,124,18,2019,1,0,0,0,0,0,0,1,0,0,0,0,0,0,0
37.72,5,125,18,2019,1,0,0,0,0,0,0,1,0,0,0,0,0,0,0
37.16,6,126,19,2019,0,0,0,0,0,0,0,1,0,0,0,0,0,0,0
37.16,7,127,19,2019,0,0,0,0,0,0,0,1,0,0,0,0,0,0,0
40.0,8,128,19,2019,0,0,0,0,0,0,0,1,0,0,0,0,0,0,0
45.72,9,129,19,2019,0,0,0,0,0,0,0,1,0,0,0,0,0,0,0
50.84,10,130,19,2019,1,0,0,0,0,0,0,1,0,0,0,0,0,0,0
30.28,11,131,19,2019,1,0,0,0,0,0,0,1,0,0,0,0,0,0,0
33.16,12,132,19,2019,1,0,0,0,0,0,0,1,0,0,0,0,0,0,0
42.28,13,133,20,2019,0,0,0,0,0,0,0,1,0,0,0,0,0,0,0
49.72,14,134,20,2019,0,0,0,0,0,0,0,1,0,0,0,0,0,0,0
54.28,15,135,20,2019,0,0,0,0,0,0,0,1,0,0,0,0,0,0,0
48.56,16,136,20,2019,0,0,0,0,0,0,0,1,0,0,0,0,0,0,0
54.84,17,137,20,2019,1,0,0,0,0,0,0,1,0,0,0,0,0,0,0
38.84,18,138,20,2019,1,0,0,0,0,0,0,1,0,0,0,0,0,0,0
36.0,19,139,20,2019,1,0,0,0,0,0,0,1,0,0,0,0,0,0,0
38.28,20,140,21,2019,0,0,0,0,0,0,0,1,0,0,0,0,0,0,0
44.56,21,141,21,2019,0,0,0,0,0,0,0,1,0,0,0,0,0,0,0
38.84,22,142,21,2019,0,0,0,0,0,0,0,1,0,0,0,0,0,0,0
54.28,23,143,21,2019,0,0,0,0,0,0,0,1,0,0,0,0,0,0,0
51.44,24,144,21,2019,1,0,0,0,0,0,0,1,0,0,0,0,0,0,0
37.72,25,145,21,2019,1,0,0,0,0,0,0,1,0,0,0,0,0,0,0
45.16,26,146,21,2019,1,0,0,0,0,0,0,1,0,0,0,0,0,0,0
41.16,27,147,22,2019,0,0,0,0,0,0,0,1,0,0,0,0,0,0,0
42.84,28,148,22,2019,0,0,0,0,0,0,0,1,0,0,0,0,0,0,0
46.84,29,149,22,2019,0,0,0,0,0,0,0,1,0,0,0,0,0,0,0
48.0,30,150,22,2019,0,0,0,0,0,0,0,1,0,0,0,0,0,0,0
44.0,31,151,22,2019,1,0,1,0,0,0,0,1,0,0,0,0,0,0,0
32.56,1,152,22,2019,1,1,0,0,0,0,0,0,1,0,0,0,0,0,0
38.84,2,153,22,2019,1,0,0,0,0,0,0,0,1,0,0,0,0,0,0
35.44,3,154,23,2019,0,0,0,0,0,0,0,0,1,0,0,0,0,0,0
46.28,4,155,23,2019,0,0,0,0,0,0,0,0,1,0,0,0,0,0,0
48.0,5,156,23,2019,0,0,0,0,0,0,0,0,1,0,0,0,0,0,0
41.72,6,157,23,2019,0,0,0,0,0,0,0,0,1,0,0,0,0,0,0
52.56,7,158,23,2019,1,0,0,0,0,0,0,0,1,0,0,0,0,0,0
40.0,8,159,23,2019,1,0,0,0,0,0,0,0,1,0,0,0,0,0,0
40.0,9,160,23,2019,1,0,0,0,0,0,0,0,1,0,0,0,0,0,0
48.56,10,161,24,2019,0,0,0,0,0,0,0,0,1,0,0,0,0,0,0
48.56,11,162,24,2019,0,0,0,0,0,0,0,0,1,0,0,0,0,0,0
50.28,12,163,24,2019,0,0,0,0,0,0,0,0,1,0,0,0,0,0,0
50.84,13,164,24,2019,0,0,0,0,0,0,0,0,1,0,0,0,0,0,0
50.28,14,165,24,2019,1,0,0,0,0,0,0,0,1,0,0,0,0,0,0
36.0,15,166,24,2019,1,0,0,0,0,0,0,0,1,0,0,0,0,0,0
45.72,16,167,24,2019,1,0,0,0,0,0,0,0,1,0,0,0,0,0,0
33.16,17,168,25,2019,0,0,0,0,0,0,0,0,1,0,0,0,0,0,0
53.16,18,169,25,2019,0,0,0,0,0,0,0,0,1,0,0,0,0,0,0
49.16,19,170,25,2019,0,0,0,0,0,0,0,0,1,0,0,0,0,0,0
53.16,20,171,25,2019,0,0,0,0,0,0,0,0,1,0,0,0,0,0,0
62.84,21,172,25,2019,1,0,0,0,0,0,0,0,1,0,0,0,0,0,0
33.72,22,173,25,2019,1,0,0,0,0,0,0,0,1,0,0,0,0,0,0
41.16,23,174,25,2019,1,0,0,0,0,0,0,0,1,0,0,0,0,0,0
45.72,24,175,26,2019,0,0,0,0,0,0,0,0,1,0,0,0,0,0,0
46.84,25,176,26,2019,0,0,0,0,0,0,0,0,1,0,0,0,0,0,0
45.72,26,177,26,2019,0,0,0,0,0,0,0,0,1,0,0,0,0,0,0
56.56,27,178,26,2019,0,0,0,0,0,0,0,0,1,0,0,0,0,0,0
61.72,28,179,26,2019,1,0,0,0,0,0,0,0,1,0,0,0,0,0,0
41.72,29,180,26,2019,1,0,0,0,0,0,0,0,1,0,0,0,0,0,0
40.56,30,181,26,2019,1,0,1,0,0,0,0,0,1,0,0,0,0,0,0
48.56,1,182,27,2019,0,1,0,0,0,0,0,0,0,1,0,0,0,0,0
51.44,2,183,27,2019,0,0,0,0,0,0,0,0,0,1,0,0,0,0,0
48.0,3,184,27,2019,0,0,0,0,0,0,0,0,0,1,0,0,0,0,0
49.72,4,185,27,2019,0,0,0,0,0,0,0,0,0,1,0,0,0,0,0
59.44,5,186,27,2019,1,0,0,0,0,0,0,0,0,1,0,0,0,0,0
34.28,6,187,27,2019,1,0,0,0,0,0,0,0,0,1,0,0,0,0,0
39.44,7,188,27,2019,1,0,0,0,0,0,0,0,0,1,0,0,0,0,0
41.72,8,189,28,2019,0,0,0,0,0,0,0,0,0,1,0,0,0,0,0
42.84,9,190,28,2019,0,0,0,0,0,0,0,0,0,1,0,0,0,0,0
52.0,10,191,28,2019,0,0,0,0,0,0,0,0,0,1,0,0,0,0,0
61.72,11,192,28,2019,0,0,0,0,0,0,0,0,0,1,0,0,0,0,0
58.84,12,193,28,2019,1,0,0,0,0,0,0,0,0,1,0,0,0,0,0
46.28,13,194,28,2019,1,0,0,0,0,0,0,0,0,1,0,0,0,0,0
51.44,14,195,28,2019,1,0,0,0,0,0,0,0,0,1,0,0,0,0,0
44.56,15,196,29,2019,0,0,0,0,0,0,0,0,0,1,0,0,0,0,0
50.84,16,197,29,2019,0,0,0,0,0,0,0,0,0,1,0,0,0,0,0
62.84,17,198,29,2019,0,0,0,0,0,0,0,0,0,1,0,0,0,0,0
52.0,18,199,29,2019,0,0,0,0,0,0,0,0,0,1,0,0,0,0,0
62.84,19,200,29,2019,1,0,0,0,0,0,0,0,0,1,0,0,0,0,0
30.84,20,201,29,2019,1,0,0,0,0,0,0,0,0,1,0,0,0,0,0
47.44,21,202,29,2019,1,0,0,0,0,0,0,0,0,1,0,0,0,0,0
48.0,22,203,30,2019,0,0,0,0,0,0,0,0,0,1,0,0,0,0,0
48.56,23,204,30,2019,0,0,0,0,0,0,0,0,0,1,0,0,0,0,0
49.16,24,205,30,2019,0,0,0,0,0,0,0,0,0,1,0,0,0,0,0
52.56,25,206,30,2019,0,0,0,0,0,0,0,0,0,1,0,0,0,0,0
53.16,26,207,30,2019,1,0,0,0,0,0,0,0,0,1,0,0,0,0,0
38.84,27,208,30,2019,1,0,0,0,0,0,0,0,0,1,0,0,0,0,0
42.28,28,209,30,2019,1,0,0,0,0,0,0,0,0,1,0,0,0,0,0
54.84,29,210,31,2019,0,0,0,0,0,0,0,0,0,1,0,0,0,0,0
44.56,30,211,31,2019,0,0,0,0,0,0,0,0,0,1,0,0,0,0,0
53.16,31,212,31,2019,0,0,1,0,0,0,0,0,0,1,0,0,0,0,0
45.72,1,213,31,2019,0,1,0,0,0,0,0,0,0,0,1,0,0,0,0
52.56,2,214,31,2019,1,0,0,0,0,0,0,0,0,0,1,0,0,0,0
32.56,3,215,31,2019,1,0,0,0,0,0,0,0,0,0,1,0,0,0,0
46.84,4,216,31,2019,1,0,0,0,0,0,0,0,0,0,1,0,0,0,0
50.84,5,217,32,2019,0,0,0,0,0,0,0,0,0,0,1,0,0,0,0
42.84,6,218,32,2019,0,0,0,0,0,0,0,0,0,0,1,0,0,0,0
54.84,7,219,32,2019,0,0,0,0,0,0,0,0,0,0,1,0,0,0,0
53.16,8,220,32,2019,0,0,0,0,0,0,0,0,0,0,1,0,0,0,0
58.28,9,221,32,2019,1,0,0,0,0,0,0,0,0,0,1,0,0,0,0
41.16,10,222,32,2019,1,0,0,0,0,0,0,0,0,0,1,0,0,0,0
41.72,11,223,32,2019,1,0,0,0,0,0,0,0,0,0,1,0,0,0,0
40.56,12,224,33,2019,0,0,0,0,0,0,0,0,0,0,1,0,0,0,0
41.16,13,225,33,2019,0,0,0,0,0,0,0,0,0,0,1,0,0,0,0
40.56,14,226,33,2019,0,0,0,0,0,0,0,0,0,0,1,0,0,0,0
41.72,15,227,33,2019,0,0,0,0,0,0,0,0,0,0,1,0,0,0,0
50.84,16,228,33,2019,1,0,0,0,0,0,0,0,0,0,1,0,0,0,0
34.84,17,229,33,2019,1,0,0,0,0,0,0,0,0,0,1,0,0,0,0
42.28,18,230,33,2019,1,0,0,0,0,0,0,0,0,0,1,0,0,0,0
43.44,19,231,34,2019,0,0,0,0,0,0,0,0,0,0,1,0,0,0,0
49.72,20,232,34,2019,0,0,0,0,0,0,0,0,0,0,1,0,0,0,0
46.28,21,233,34,2019,0,0,0,0,0,0,0,0,0,0,1,0,0,0,0
54.28,22,234,34,2019,0,0,0,0,0,0,0,0,0,0,1,0,0,0,0
63.44,23,235,34,2019,1,0,0,0,0,0,0,0,0,0,1,0,0,0,0
35.44,24,236,34,2019,1,0,0,0,0,0,0,0,0,0,1,0,0,0,0
33.16,25,237,34,2019,1,0,0,0,0,0,0,0,0,0,1,0,0,0,0
45.72,26,238,35,2019,0,0,0,0,0,0,0,0,0,0,1,0,0,0,0
42.28,27,239,35,2019,0,0,0,0,0,0,0,0,0,0,1,0,0,0,0
41.16,28,240,35,2019,0,0,0,0,0,0,0,0,0,0,1,0,0,0,0
48.56,29,241,35,2019,0,0,0,0,0,0,0,0,0,0,1,0,0,0,0
61.72,30,242,35,2019,1,0,0,0,0,0,0,0,0,0,1,0,0,0,0
45.16,31,243,35,2019,1,0,1,0,0,0,0,0,0,0,1,0,0,0,0
48.0,1,244,35,2019,1,1,0,0,0,0,0,0,0,0,0,1,0,0,0
45.72,2,245,36,2019,0,0,0,0,0,0,0,0,0,0,0,1,0,0,0
43.44,3,246,36,2019,0,0,0,0,0,0,0,0,0,0,0,1,0,0,0
46.84,4,247,36,2019,0,0,0,0,0,0,0,0,0,0,0,1,0,0,0
44.56,5,248,36,2019,0,0,0,0,0,0,0,0,0,0,0,1,0,0,0
54.28,6,249,36,2019,1,0,0,0,0,0,0,0,0,0,0,1,0,0,0
35.44,7,250,36,2019,1,0,0,0,0,0,0,0,0,0,0,1,0,0,0
45.72,8,251,36,2019,1,0,0,0,0,0,0,0,0,0,0,1,0,0,0
39.44,9,252,37,2019,0,0,0,0,0,0,0,0,0,0,0,1,0,0,0
44.56,10,253,37,2019,0,0,0,0,0,0,0,0,0,0,0,1,0,0,0
41.72,11,254,37,2019,0,0,0,0,0,0,0,0,0,0,0,1,0,0,0
52.56,12,255,37,2019,0,0,0,0,0,0,0,0,0,0,0,1,0,0,0
55.44,13,256,37,2019,1,0,0,0,0,0,0,0,0,0,0,1,0,0,0
37.72,14,257,37,2019,1,0,0,0,0,0,0,0,0,0,0,1,0,0,0
40.56,15,258,37,2019,1,0,0,0,0,0,0,0,0,0,0,1,0,0,0
39.44,16,259,38,2019,0,0,0,0,0,0,0,0,0,0,0,1,0,0,0
40.0,17,260,38,2019,0,0,0,0,0,0,0,0,0,0,0,1,0,0,0
41.16,18,261,38,2019,0,0,0,0,0,0,0,0,0,0,0,1,0,0,0
46.28,19,262,38,2019,0,0,0,0,0,0,0,0,0,0,0,1,0,0,0
62.28,20,263,38,2019,1,0,0,0,0,0,0,0,0,0,0,1,0,0,0
35.44,21,264,38,2019,1,0,0,0,0,0,0,0,0,0,0,1,0,0,0
44.0,22,265,38,2019,1,0,0,0,0,0,0,0,0,0,0,1,0,0,0
42.84,23,266,39,2019,0,0,0,0,0,0,0,0,0,0,0,1,0,0,0
36.56,24,267,39,2019,0,0,0,0,0,0,0,0,0,0,0,1,0,0,0
39.44,25,268,39,2019,0,0,0,0,0,0,0,0,0,0,0,1,0,0,0
49.72,26,269,39,2019,0,0,0,0,0,0,0,0,0,0,0,1,0,0,0
58.28,27,270,39,2019,1,0,0,0,0,0,0,0,0,0,0,1,0,0,0
32.0,28,271,39,2019,1,0,0,0,0,0,0,0,0,0,0,1,0,0,0
34.28,29,272,39,2019,1,0,0,0,0,0,0,0,0,0,0,1,0,0,0
44.56,30,273,40,2019,0,0,1,0,0,0,0,0,0,0,0,1,0,0,0
48.0,1,274,40,2019,0,1,0,0,0,0,0,0,0,0,0,0,1,0,0
45.16,2,275,40,2019,0,0,0,0,0,0,0,0,0,0,0,0,1,0,0
48.56,3,276,40,2019,0,0,0,0,0,0,0,0,0,0,0,0,1,0,0
56.56,4,277,40,2019,1,0,0,0,0,0,0,0,0,0,0,0,1,0,0
41.16,5,278,40,2019,1,0,0,0,0,0,0,0,0,0,0,0,1,0,0
47.44,6,279,40,2019,1,0,0,0,0,0,0,0,0,0,0,0,1,0,0
41.72,7,280,41,2019,0,0,0,0,0,0,0,0,0,0,0,0,1,0,0
48.0,8,281,41,2019,0,0,0,0,0,0,0,0,0,0,0,0,1,0,0
40.0,9,282,41,2019,0,0,0,0,0,0,0,0,0,0,0,0,1,0,0
38.28,10,283,41,2019,0,0,0,0,0,0,0,0,0,0,0,0,1,0,0
44.56,11,284,41,2019,1,0,0,0,0,0,0,0,0,0,0,0,1,0,0
33.72,12,285,41,2019,1,0,0,0,0,0,0,0,0,0,0,0,1,0,0
33.16,13,286,41,2019,1,0,0,0,0,0,0,0,0,0,0,0,1,0,0
34.28,14,287,42,2019,0,0,0,0,0,0,0,0,0,0,0,0,1,0,0
38.84,15,288,42,2019,0,0,0,0,0,0,0,0,0,0,0,0,1,0,0
42.28,16,289,42,2019,0,0,0,0,0,0,0,0,0,0,0,0,1,0,0
41.72,17,290,42,2019,0,0,0,0,0,0,0,0,0,0,0,0,1,0,0
46.84,18,291,42,2019,1,0,0,0,0,0,0,0,0,0,0,0,1,0,0
35.44,19,292,42,2019,1,0,0,0,0,0,0,0,0,0,0,0,1,0,0
36.0,20,293,42,2019,1,0,0,0,0,0,0,0,0,0,0,0,1,0,0
33.16,21,294,43,2019,0,0,0,0,0,0,0,0,0,0,0,0,1,0,0
34.28,22,295,43,2019,0,0,0,0,0,0,0,0,0,0,0,0,1,0,0
52.56,23,296,43,2019,0,0,0,0,0,0,0,0,0,0,0,0,1,0,0
47.44,24,297,43,2019,0,0,0,0,0,0,0,0,0,0,0,0,1,0,0
44.0,25,298,43,2019,1,0,0,0,0,0,0,0,0,0,0,0,1,0,0
34.28,26,299,43,2019,1,0,0,0,0,0,0,0,0,0,0,0,1,0,0
36.0,27,300,43,2019,1,0,0,0,0,0,0,0,0,0,0,0,1,0,0
34.28,28,301,44,2019,0,0,0,0,0,0,0,0,0,0,0,0,1,0,0
45.72,29,302,44,2019,0,0,0,0,0,0,0,0,0,0,0,0,1,0,0
37.16,30,303,44,2019,0,0,0,0,0,0,0,0,0,0,0,0,1,0,0
41.72,31,304,44,2019,0,0,1,0,0,0,0,0,0,0,0,0,1,0,0
45.72,1,305,44,2019,1,1,0,0,0,0,0,0,0,0,0,0,0,1,0
32.56,2,306,44,2019,1,0,0,0,0,0,0,0,0,0,0,0,0,1,0
33.72,3,307,44,2019,1,0,0,0,0,0,0,0,0,0,0,0,0,1,0
38.28,4,308,45,2019,0,0,0,0,0,0,0,0,0,0,0,0,0,1,0
38.28,5,309,45,2019,0,0,0,0,0,0,0,0,0,0,0,0,0,1,0
44.0,6,310,45,2019,0,0,0,0,0,0,0,0,0,0,0,0,0,1,0
38.28,7,311,45,2019,0,0,0,0,0,0,0,0,0,0,0,0,0,1,0
46.28,8,312,45,2019,1,0,0,0,0,0,0,0,0,0,0,0,0,1,0
38.84,9,313,45,2019,1,0,0,0,0,0,0,0,0,0,0,0,0,1,0
37.16,10,314,45,2019,1,0,0,0,0,0,0,0,0,0,0,0,0,1,0
41.72,11,315,46,2019,0,0,0,0,0,0,0,0,0,0,0,0,0,1,0
41.72,12,316,46,2019,0,0,0,0,0,0,0,0,0,0,0,0,0,1,0
42.84,13,317,46,2019,0,0,0,0,0,0,0,0,0,0,0,0,0,1,0
45.72,14,318,46,2019,0,0,0,0,0,0,0,0,0,0,0,0,0,1,0
52.56,15,319,46,2019,1,0,0,0,0,0,0,0,0,0,0,0,0,1,0
40.56,16,320,46,2019,1,0,0,0,0,0,0,0,0,0,0,0,0,1,0
41.72,17,321,46,2019,1,0,0,0,0,0,0,0,0,0,0,0,0,1,0
39.44,18,322,47,2019,0,0,0,0,0,0,0,0,0,0,0,0,0,1,0
50.84,19,323,47,2019,0,0,0,0,0,0,0,0,0,0,0,0,0,1,0
47.44,20,324,47,2019,0,0,0,0,0,0,0,0,0,0,0,0,0,1,0
50.84,21,325,47,2019,0,0,0,0,0,0,0,0,0,0,0,0,0,1,0
44.0,22,326,47,2019,1,0,0,0,0,0,0,0,0,0,0,0,0,1,0
30.28,23,327,47,2019,1,0,0,0,0,0,0,0,0,0,0,0,0,1,0
37.72,24,328,47,2019,1,0,0,0,0,0,0,0,0,0,0,0,0,1,0
35.44,25,329,48,2019,0,0,0,0,0,0,0,0,0,0,0,0,0,1,0
36.0,26,330,48,2019,0,0,0,0,0,0,0,0,0,0,0,0,0,1,0
41.16,27,331,48,2019,0,0,0,0,0,0,0,0,0,0,0,0,0,1,0
40.0,28,332,48,2019,0,0,0,0,0,0,0,0,0,0,0,0,0,1,0
46.28,29,333,48,2019,1,0,0,0,0,0,0,0,0,0,0,0,0,1,0
28.0,30,334,48,2019,1,0,1,0,0,0,0,0,0,0,0,0,0,1,0
52.0,1,335,48,2019,1,1,0,0,0,0,0,0,0,0,0,0,0,0,1
38.84,2,336,49,2019,0,0,0,0,0,0,0,0,0,0,0,0,0,0,1
41.16,3,337,49,2019,0,0,0,0,0,0,0,0,0,0,0,0,0,0,1
54.84,4,338,49,2019,0,0,0,0,0,0,0,0,0,0,0,0,0,0,1
54.84,5,339,49,2019,0,0,0,0,0,0,0,0,0,0,0,0,0,0,1
50.84,6,340,49,2019,1,0,0,0,0,0,0,0,0,0,0,0,0,0,1
37.16,7,341,49,2019,1,0,0,0,0,0,0,0,0,0,0,0,0,0,1
40.56,8,342,49,2019,1,0,0,0,0,0,0,0,0,0,0,0,0,0,1
46.84,9,343,50,2019,0,0,0,0,0,0,0,0,0,0,0,0,0,0,1
45.72,10,344,50,2019,0,0,0,0,0,0,0,0,0,0,0,0,0,0,1
32.0,11,345,50,2019,0,0,0,0,0,0,0,0,0,0,0,0,0,0,1
30.84,12,346,50,2019,0,0,0,0,0,0,0,0,0,0,0,0,0,0,1
28.0,13,347,50,2019,1,0,0,0,0,0,0,0,0,0,0,0,0,0,1
25.16,14,348,50,2019,1,0,0,0,0,0,0,0,0,0,0,0,0,0,1
31.44,15,349,50,2019,1,0,0,0,0,0,0,0,0,0,0,0,0,0,1
30.84,16,350,51,2019,0,0,0,0,0,0,0,0,0,0,0,0,0,0,1
29.72,17,351,51,2019,0,0,0,0,0,0,0,0,0,0,0,0,0,0,1
41.16,18,352,51,2019,0,0,0,0,0,0,0,0,0,0,0,0,0,0,1
31.44,19,353,51,2019,0,0,0,0,0,0,0,0,0,0,0,0,0,0,1
36.0,20,354,51,2019,1,0,0,0,0,0,0,0,0,0,0,0,0,0,1
27.44,21,355,51,2019,1,0,0,0,0,0,0,0,0,0,0,0,0,0,1
37.72,22,356,51,2019,1,0,0,0,0,0,0,0,0,0,0,0,0,0,1
32.56,23,357,52,2019,0,0,0,0,0,0,0,0,0,0,0,0,0,0,1
32.0,24,358,52,2019,0,0,0,0,0,0,0,0,0,0,0,0,0,0,1
31.44,25,359,52,2019,0,0,0,0,0,0,0,0,0,0,0,0,0,0,1
37.16,26,360,52,2019,0,0,0,0,0,0,0,0,0,0,0,0,0,0,1
34.84,27,361,52,2019,1,0,0,0,0,0,0,0,0,0,0,0,0,0,1
34.28,28,362,52,2019,1,0,0,0,0,0,0,0,0,0,0,0,0,0,1
29.16,29,363,52,2019,1,0,0,0,0,0,0,0,0,0,0,0,0,0,1
35.44,30,364,1,2019,0,0,0,0,0,0,0,0,0,0,0,0,0,0,1
28.56,31,365,1,2019,0,0,1,0,0,0,0,0,0,0,0,0,0,0,1
32.0,1,1,1,2020,0,1,0,1,0,0,0,0,0,0,0,0,0,0,0
37.72,2,2,1,2020,0,0,0,1,0,0,0,0,0,0,0,0,0,0,0
32.56,3,3,1,2020,1,0,0,1,0,0,0,0,0,0,0,0,0,0,0
24.56,4,4,1,2020,1,0,0,1,0,0,0,0,0,0,0,0,0,0,0
31.44,5,5,1,2020,1,0,0,1,0,0,0,0,0,0,0,0,0,0,0
33.16,6,6,2,2020,0,0,0,1,0,0,0,0,0,0,0,0,0,0,0
37.16,7,7,2,2020,0,0,0,1,0,0,0,0,0,0,0,0,0,0,0
36.56,8,8,2,2020,0,0,0,1,0,0,0,0,0,0,0,0,0,0,0
37.16,9,9,2,2020,0,0,0,1,0,0,0,0,0,0,0,0,0,0,0
38.28,10,10,2,2020,1,0,0,1,0,0,0,0,0,0,0,0,0,0,0
89.16,11,11,2,2020,1,0,0,1,0,0,0,0,0,0,0,0,0,0,0
86.28,12,12,2,2020,1,0,0,1,0,0,0,0,0,0,0,0,0,0,0
85.72,13,13,3,2020,0,0,0,1,0,0,0,0,0,0,0,0,0,0,0
94.84,14,14,3,2020,0,0,0,1,0,0,0,0,0,0,0,0,0,0,0
86.28,15,15,3,2020,0,0,0,1,0,0,0,0,0,0,0,0,0,0,0
83.44,16,16,3,2020,0,0,0,1,0,0,0,0,0,0,0,0,0,0,0
96.56,17,17,3,2020,1,0,0,1,0,0,0,0,0,0,0,0,0,0,0
86.84,18,18,3,2020,1,0,0,1,0,0,0,0,0,0,0,0,0,0,0
88.0,19,19,3,2020,1,0,0,1,0,0,0,0,0,0,0,0,0,0,0
89.16,20,20,4,2020,0,0,0,1,0,0,0,0,0,0,0,0,0,0,0
85.16,21,21,4,2020,0,0,0,1,0,0,0,0,0,0,0,0,0,0,0
86.28,22,22,4,2020,0,0,0,1,0,0,0,0,0,0,0,0,0,0,0
92.0,23,23,4,2020,0,0,0,1,0,0,0,0,0,0,0,0,0,0,0
90.28,24,24,4,2020,1,0,0,1,0,0,0,0,0,0,0,0,0,0,0
91.44,25,25,4,2020,1,0,0,1,0,0,0,0,0,0,0,0,0,0,0
80.0,26,26,4,2020,1,0,0,1,0,0,0,0,0,0,0,0,0,0,0
81.16,27,27,5,2020,0,0,0,1,0,0,0,0,0,0,0,0,0,0,0
86.84,28,28,5,2020,0,0,0,1,0,0,0,0,0,0,0,0,0,0,0
89.16,29,29,5,2020,0,0,0,1,0,0,0,0,0,0,0,0,0,0,0
88.56,30,30,5,2020,0,0,0,1,0,0,0,0,0,0,0,0,0,0,0
93.16,31,31,5,2020,1,0,1,1,0,0,0,0,0,0,0,0,0,0,0
133.74,1,32,5,2020,1,1,0,0,1,0,0,0,0,0,0,0,0,0,0
129.42,2,33,5,2020,1,0,0,0,1,0,0,0,0,0,0,0,0,0,0
128.58,3,34,6,2020,0,0,0,0,1,0,0,0,0,0,0,0,0,0,0
142.26,4,35,6,2020,0,0,0,0,1,0,0,0,0,0,0,0,0,0,0
129.42,5,36,6,2020,0,0,0,0,1,0,0,0,0,0,0,0,0,0,0
125.16,6,37,6,2020,0,0,0,0,1,0,0,0,0,0,0,0,0,0,0
144.84,7,38,6,2020,1,0,0,0,1,0,0,0,0,0,0,0,0,0,0
130.26,8,39,6,2020,1,0,0,0,1,0,0,0,0,0,0,0,0,0,0
132.0,9,40,6,2020,1,0,0,0,1,0,0,0,0,0,0,0,0,0,0
133.74,10,41,7,2020,0,0,0,0,1,0,0,0,0,0,0,0,0,0,0
127.74,11,42,7,2020,0,0,0,0,1,0,0,0,0,0,0,0,0,0,0
129.42,12,43,7,2020,0,0,0,0,1,0,0,0,0,0,0,0,0,0,0
138.0,13,44,7,2020,0,0,0,0,1,0,0,0,0,0,0,0,0,0,0
135.42,14,45,7,2020,1,0,0,0,1,0,0,0,0,0,0,0,0,0,0
137.16,15,46,7,2020,1,0,0,0,1,0,0,0,0,0,0,0,0,0,0
120.0,16,47,7,2020,1,0,0,0,1,0,0,0,0,0,0,0,0,0,0
121.74,17,48,8,2020,0,0,0,0,1,0,0,0,0,0,0,0,0,0,0
130.26,18,49,8,2020,0,0,0,0,1,0,0,0,0,0,0,0,0,0,0
133.74,19,50,8,2020,0,0,0,0,1,0,0,0,0,0,0,0,0,0,0
132.84,20,51,8,2020,0,0,0,0,1,0,0,0,0,0,0,0,0,0,0
139.74,21,52,8,2020,1,0,0,0,1,0,0,0,0,0,0,0,0,0,0
133.74,22,53,8,2020,1,0,0,0,1,0,0,0,0,0,0,0,0,0,0
129.42,23,54,8,2020,1,0,0,0,1,0,0,0,0,0,0,0,0,0,0
128.58,24,55,9,2020,0,0,0,0,1,0,0,0,0,0,0,0,0,0,0
142.26,25,56,9,2020,0,0,0,0,1,0,0,0,0,0,0,0,0,0,0
129.42,26,57,9,2020,0,0,0,0,1,0,0,0,0,0,0,0,0,0,0
125.16,27,58,9,2020,0,0,0,0,1,0,0,0,0,0,0,0,0,0,0
144.84,28,59,9,2020,1,0,0,0,1,0,0,0,0,0,0,0,0,0,0
130.26,29,60,9,2020,1,0,1,0,1,0,0,0,0,0,0,0,0,0,0
132.0,1,61,9,2020,1,1,0,0,0,1,0,0,0,0,0,0,0,0,0
133.74,2,62,10,2020,0,0,0,0,0,1,0,0,0,0,0,0,0,0,0
127.74,3,63,10,2020,0,0,0,0,0,1,0,0,0,0,0,0,0,0,0
129.42,4,64,10,2020,0,0,0,0,0,1,0,0,0,0,0,0,0,0,0
138.0,5,65,10,2020,0,0,0,0,0,1,0,0,0,0,0,0,0,0,0
135.42,6,66,10,2020,1,0,0,0,0,1,0,0,0,0,0,0,0,0,0
137.16,7,67,10,2020,1,0,0,0,0,1,0,0,0,0,0,0,0,0,0
180.0,8,68,10,2020,1,0,0,0,0,1,0,0,0,0,0,0,0,0,0
182.61,9,69,11,2020,0,0,0,0,0,1,0,0,0,0,0,0,0,0,0
195.39,10,70,11,2020,0,0,0,0,0,1,0,0,0,0,0,0,0,0,0
200.61,11,71,11,2020,0,0,0,0,0,1,0,0,0,0,0,0,0,0,0
199.26,12,72,11,2020,0,0,0,0,0,1,0,0,0,0,0,0,0,0,0
209.61,13,73,11,2020,1,0,0,0,0,1,0,0,0,0,0,0,0,0,0
200.61,14,74,11,2020,1,0,0,0,0,1,0,0,0,0,0,0,0,0,0
194.13,15,75,11,2020,1,0,0,0,0,1,0,0,0,0,0,0,0,0,0
192.87,16,76,12,2020,0,0,0,0,0,1,0,0,0,0,0,0,0,0,0
213.39,17,77,12,2020,0,0,0,0,0,1,0,0,0,0,0,0,0,0,0
194.13,18,78,12,2020,0,0,0,0,0,1,0,0,0,0,0,0,0,0,0
187.74,19,79,12,2020,0,0,0,0,0,1,0,0,0,0,0,0,0,0,0
217.26,20,80,12,2020,1,0,0,0,0,1,0,0,0,0,0,0,0,0,0
195.39,21,81,12,2020,1,0,0,0,0,1,0,0,0,0,0,0,0,0,0
198.0,22,82,12,2020,1,0,0,0,0,1,0,0,0,0,0,0,0,0,0
200.61,23,83,13,2020,0,0,0,0,0,1,0,0,0,0,0,0,0,0,0
191.61,24,84,13,2020,0,0,0,0,0,1,0,0,0,0,0,0,0,0,0
194.13,25,85,13,2020,0,0,0,0,0,1,0,0,0,0,0,0,0,0,0
207.0,26,86,13,2020,0,0,0,0,0,1,0,0,0,0,0,0,0,0,0
203.13,27,87,13,2020,1,0,0,0,0,1,0,0,0,0,0,0,0,0,0
205.74,28,88,13,2020,1,0,0,0,0,1,0,0,0,0,0,0,0,0,0
180.0,29,89,13,2020,1,0,0,0,0,1,0,0,0,0,0,0,0,0,0
182.61,30,90,14,2020,0,0,0,0,0,1,0,0,0,0,0,0,0,0,0
195.39,31,91,14,2020,0,0,1,0,0,1,0,0,0,0,0,0,0,0,0
200.61,1,92,14,2020,0,1,0,0,0,0,1,0,0,0,0,0,0,0,0
199.26,2,93,14,2020,0,0,0,0,0,0,1,0,0,0,0,0,0,0,0
209.61,3,94,14,2020,1,0,0,0,0,0,1,0,0,0,0,0,0,0,0
200.61,4,95,14,2020,1,0,0,0,0,0,1,0,0,0,0,0,0,0,0
194.13,5,96,14,2020,1,0,0,0,0,0,1,0,0,0,0,0,0,0,0
192.87,6,97,15,2020,0,0,0,0,0,0,1,0,0,0,0,0,0,0,0
213.39,7,98,15,2020,0,0,0,0,0,0,1,0,0,0,0,0,0,0,0
194.13,8,99,15,2020,0,0,0,0,0,0,1,0,0,0,0,0,0,0,0
187.74,9,100,15,2020,0,0,0,0,0,0,1,0,0,0,0,0,0,0,0
217.26,10,101,15,2020,1,0,0,0,0,0,1,0,0,0,0,0,0,0,0
195.39,11,102,15,2020,1,0,0,0,0,0,1,0,0,0,0,0,0,0,0
198.0,12,103,15,2020,1,0,0,0,0,0,1,0,0,0,0,0,0,0,0
200.61,13,104,16,2020,0,0,0,0,0,0,1,0,0,0,0,0,0,0,0
191.61,14,105,16,2020,0,0,0,0,0,0,1,0,0,0,0,0,0,0,0
194.13,15,106,16,2020,0,0,0,0,0,0,1,0,0,0,0,0,0,0,0
207.0,16,107,16,2020,0,0,0,0,0,0,1,0,0,0,0,0,0,0,0
203.13,17,108,16,2020,1,0,0,0,0,0,1,0,0,0,0,0,0,0,0
205.74,18,109,16,2020,1,0,0,0,0,0,1,0,0,0,0,0,0,0,0
180.0,19,110,16,2020,1,0,0,0,0,0,1,0,0,0,0,0,0,0,0
182.61,20,111,17,2020,0,0,0,0,0,0,1,0,0,0,0,0,0,0,0
195.39,21,112,17,2020,0,0,0,0,0,0,1,0,0,0,0,0,0,0,0
200.61,22,113,17,2020,0,0,0,0,0,0,1,0,0,0,0,0,0,0,0
199.26,23,114,17,2020,0,0,0,0,0,0,1,0,0,0,0,0,0,0,0
209.61,24,115,17,2020,1,0,0,0,0,0,1,0,0,0,0,0,0,0,0
200.61,25,116,17,2020,1,0,0,0,0,0,1,0,0,0,0,0,0,0,0
194.13,26,117,17,2020,1,0,0,0,0,0,1,0,0,0,0,0,0,0,0
192.87,27,118,18,2020,0,0,0,0,0,0,1,0,0,0,0,0,0,0,0
213.39,28,119,18,2020,0,0,0,0,0,0,1,0,0,0,0,0,0,0,0
194.13,29,120,18,2020,0,0,0,0,0,0,1,0,0,0,0,0,0,0,0
